"cinema","salle","salle_label","film_id","film_titre","date","heure","version","audio","seance_id","ts","reservation_url"
"lefrancais","01","Salle 1","601872","Pris au piège - Caught Stealing","2025-08-28","15h45","VF","7.1","1235","1756388700","https://achat.cgrcinemas.fr/lefrancais/reserver/F601872/D1756388700/VF/1235/"
"lefrancais","01","Salle 1","367522","Y a-t-il un flic pour sauver le monde ?","2025-08-28","18h00","VF","7.1","1235","1756396800","https://achat.cgrcinemas.fr/lefrancais/reserver/F367522/D1756396800/VF/1235/"
"lefrancais","01","Salle 1","601872","Pris au piège - Caught Stealing","2025-08-28","20h00","VO","7.1","1235","1756404000","https://achat.cgrcinemas.fr/lefrancais/reserver/F601872/D1756404000/VO/1235/"
"lefrancais","01","Salle 1","601872","Pris au piège - Caught Stealing","2025-08-28","22h20","VF","7.1","1235","1756412400","https://achat.cgrcinemas.fr/lefrancais/reserver/F601872/D1756412400/VF/1235/"
"lefrancais","01","Salle 1","596694","Jurassic World : Renaissance","2025-08-29","10h30","VF","7.1","1235","1756456200","https://achat.cgrcinemas.fr/lefrancais/reserver/F596694/D1756456200/VF/1235/"
"lefrancais","01","Salle 1","601872","Pris au piège - Caught Stealing","2025-08-29","13h30","VF","7.1","1235","1756467000","https://achat.cgrcinemas.fr/lefrancais/reserver/F601872/D1756467000/VF/1235/"
"lefrancais","01","Salle 1","601872","Pris au piège - Caught Stealing","2025-08-29","15h45","VF","7.1","1235","1756475100","https://achat.cgrcinemas.fr/lefrancais/reserver/F601872/D1756475100/VF/1235/"
"lefrancais","01","Salle 1","367522","Y a-t-il un flic pour sauver le monde ?","2025-08-29","18h00","VF","7.1","1235","1756483200","https://achat.cgrcinemas.fr/lefrancais/reserver/F367522/D1756483200/VF/1235/"
"lefrancais","01","Salle 1","601872","Pris au piège - Caught Stealing","2025-08-29","20h00","VF","7.1","1235","1756490400","https://achat.cgrcinemas.fr/lefrancais/reserver/F601872/D1756490400/VF/1235/"
"lefrancais","01","Salle 1","601872","Pris au piège - Caught Stealing","2025-08-29","22h20","VF","7.1","1235","1756498800","https://achat.cgrcinemas.fr/lefrancais/reserver/F601872/D1756498800/VF/1235/"
"lefrancais","01","Salle 1","322713","Superman","2025-08-30","10h30","VF","7.1","1235","1756542600","https://achat.cgrcinemas.fr/lefrancais/reserver/F322713/D1756542600/VF/1235/"
"lefrancais","01","Salle 1","601872","Pris au piège - Caught Stealing","2025-08-30","13h30","VF","7.1","1235","1756553400","https://achat.cgrcinemas.fr/lefrancais/reserver/F601872/D1756553400/VF/1235/"
"lefrancais","01","Salle 1","601872","Pris au piège - Caught Stealing","2025-08-30","15h45","VF","7.1","1235","1756561500","https://achat.cgrcinemas.fr/lefrancais/reserver/F601872/D1756561500/VF/1235/"
"lefrancais","01","Salle 1","367522","Y a-t-il un flic pour sauver le monde ?","2025-08-30","18h00","VF","7.1","1235","1756569600","https://achat.cgrcinemas.fr/lefrancais/reserver/F367522/D1756569600/VF/1235/"
"lefrancais","01","Salle 1","601872","Pris au piège - Caught Stealing","2025-08-30","20h00","VF","7.1","1235","1756576800","https://achat.cgrcinemas.fr/lefrancais/reserver/F601872/D1756576800/VF/1235/"
"lefrancais","01","Salle 1","601872","Pris au piège - Caught Stealing","2025-08-30","22h20","VF","7.1","1235","1756585200","https://achat.cgrcinemas.fr/lefrancais/reserver/F601872/D1756585200/VF/1235/"
"lefrancais","01","Salle 1","322713","Superman","2025-08-31","10h30","VF","7.1","1235","1756629000","https://achat.cgrcinemas.fr/lefrancais/reserver/F322713/D1756629000/VF/1235/"
"lefrancais","01","Salle 1","601872","Pris au piège - Caught Stealing","2025-08-31","13h30","VF","7.1","1235","1756639800","https://achat.cgrcinemas.fr/lefrancais/reserver/F601872/D1756639800/VF/1235/"
"lefrancais","01","Salle 1","601872","Pris au piège - Caught Stealing","2025-08-31","15h45","VF","7.1","1235","1756647900","https://achat.cgrcinemas.fr/lefrancais/reserver/F601872/D1756647900/VF/1235/"
"lefrancais","01","Salle 1","367522","Y a-t-il un flic pour sauver le monde ?","2025-08-31","18h00","VF","7.1","1235","1756656000","https://achat.cgrcinemas.fr/lefrancais/reserver/F367522/D1756656000/VF/1235/"
"lefrancais","01","Salle 1","601872","Pris au piège - Caught Stealing","2025-08-31","20h00","VF","7.1","1235","1756663200","https://achat.cgrcinemas.fr/lefrancais/reserver/F601872/D1756663200/VF/1235/"
"lefrancais","01","Salle 1","601872","Pris au piège - Caught Stealing","2025-08-31","22h20","VF","7.1","1235","1756671600","https://achat.cgrcinemas.fr/lefrancais/reserver/F601872/D1756671600/VF/1235/"
"lefrancais","01","Salle 1","322713","Superman","2025-09-01","10h30","VF","7.1","1235","1756715400","https://achat.cgrcinemas.fr/lefrancais/reserver/F322713/D1756715400/VF/1235/"
"lefrancais","01","Salle 1","601872","Pris au piège - Caught Stealing","2025-09-01","13h30","VO","7.1","1235","1756726200","https://achat.cgrcinemas.fr/lefrancais/reserver/F601872/D1756726200/VO/1235/"
"lefrancais","01","Salle 1","601872","Pris au piège - Caught Stealing","2025-09-01","15h45","VF","7.1","1235","1756734300","https://achat.cgrcinemas.fr/lefrancais/reserver/F601872/D1756734300/VF/1235/"
"lefrancais","01","Salle 1","603260","The Ritual - L'Exorcisme d'Emma Schmidt","2025-09-01","18h00","VF","7.1","1235","1756742400","https://achat.cgrcinemas.fr/lefrancais/reserver/F603260/D1756742400/VF/1235/"
"lefrancais","01","Salle 1","601872","Pris au piège - Caught Stealing","2025-09-01","20h00","VF","7.1","1235","1756749600","https://achat.cgrcinemas.fr/lefrancais/reserver/F601872/D1756749600/VF/1235/"
"lefrancais","01","Salle 1","601872","Pris au piège - Caught Stealing","2025-09-01","22h20","VF","7.1","1235","1756758000","https://achat.cgrcinemas.fr/lefrancais/reserver/F601872/D1756758000/VF/1235/"
"lefrancais","01","Salle 1","554372","F1® LE FILM","2025-09-02","10h30","VF","7.1","1235","1756801800","https://achat.cgrcinemas.fr/lefrancais/reserver/F554372/D1756801800/VF/1235/"
"lefrancais","01","Salle 1","601872","Pris au piège - Caught Stealing","2025-09-02","13h30","VF","7.1","1235","1756812600","https://achat.cgrcinemas.fr/lefrancais/reserver/F601872/D1756812600/VF/1235/"
"lefrancais","01","Salle 1","601872","Pris au piège - Caught Stealing","2025-09-02","15h45","VF","7.1","1235","1756820700","https://achat.cgrcinemas.fr/lefrancais/reserver/F601872/D1756820700/VF/1235/"
"lefrancais","01","Salle 1","603260","The Ritual - L'Exorcisme d'Emma Schmidt","2025-09-02","18h00","VF","7.1","1235","1756828800","https://achat.cgrcinemas.fr/lefrancais/reserver/F603260/D1756828800/VF/1235/"
"lefrancais","01","Salle 1","601872","Pris au piège - Caught Stealing","2025-09-02","20h00","VF","7.1","1235","1756836000","https://achat.cgrcinemas.fr/lefrancais/reserver/F601872/D1756836000/VF/1235/"
"lefrancais","01","Salle 1","601872","Pris au piège - Caught Stealing","2025-09-02","22h20","VF","7.1","1235","1756844400","https://achat.cgrcinemas.fr/lefrancais/reserver/F601872/D1756844400/VF/1235/"
"lefrancais","01","Salle 1","629523","Terminal","2025-09-05","20h00","VF","","1235","1757095200","https://achat.cgrcinemas.fr/lefrancais/reserver/F629523/D1757095200/VF/1235/"
"lefrancais","01","Salle 1","568964","Conjuring : l'heure du jugement","2025-09-05","22h30","VF","7.1","1235","1757104200","https://achat.cgrcinemas.fr/lefrancais/reserver/F568964/D1757104200/VF/1235/"
"lefrancais","01","Salle 1","600838","Downton Abbey III : le grand final","2025-09-07","17h30","VF","7.1","1235","1757259000","https://achat.cgrcinemas.fr/lefrancais/reserver/F600838/D1757259000/VF/1235/"
"lefrancais","01","Salle 1","607502","Demon Slayer: Kimetsu no Yaiba La Forteresse Infinie Film 1","2025-09-14","13h30","VO","7.1","1235","1757849400","https://achat.cgrcinemas.fr/lefrancais/reserver/F607502/D1757849400/VO/1235/"
"lefrancais","01","Salle 1","607502","Demon Slayer: Kimetsu no Yaiba La Forteresse Infinie Film 1","2025-09-17","14h30","VF","7.1","1235","1758112200","https://achat.cgrcinemas.fr/lefrancais/reserver/F607502/D1758112200/VF/1235/"
"lefrancais","01","Salle 1","607502","Demon Slayer: Kimetsu no Yaiba La Forteresse Infinie Film 1","2025-09-17","17h45","VF","7.1","1235","1758123900","https://achat.cgrcinemas.fr/lefrancais/reserver/F607502/D1758123900/VF/1235/"
"lefrancais","01","Salle 1","607502","Demon Slayer: Kimetsu no Yaiba La Forteresse Infinie Film 1","2025-09-17","21h00","VO","7.1","1235","1758135600","https://achat.cgrcinemas.fr/lefrancais/reserver/F607502/D1758135600/VO/1235/"
"lefrancais","01","Salle 1","607502","Demon Slayer: Kimetsu no Yaiba La Forteresse Infinie Film 1","2025-09-18","14h30","VF","7.1","1235","1758198600","https://achat.cgrcinemas.fr/lefrancais/reserver/F607502/D1758198600/VF/1235/"
"lefrancais","01","Salle 1","607502","Demon Slayer: Kimetsu no Yaiba La Forteresse Infinie Film 1","2025-09-19","13h45","VF","7.1","1235","1758282300","https://achat.cgrcinemas.fr/lefrancais/reserver/F607502/D1758282300/VF/1235/"
"lefrancais","01","Salle 1","607502","Demon Slayer: Kimetsu no Yaiba La Forteresse Infinie Film 1","2025-09-19","17h00","VF","7.1","1235","1758294000","https://achat.cgrcinemas.fr/lefrancais/reserver/F607502/D1758294000/VF/1235/"
"lefrancais","01","Salle 1","607502","Demon Slayer: Kimetsu no Yaiba La Forteresse Infinie Film 1","2025-09-19","20h15","VO","7.1","1235","1758305700","https://achat.cgrcinemas.fr/lefrancais/reserver/F607502/D1758305700/VO/1235/"
"lefrancais","01","Salle 1","607502","Demon Slayer: Kimetsu no Yaiba La Forteresse Infinie Film 1","2025-09-20","13h45","VF","7.1","1235","1758368700","https://achat.cgrcinemas.fr/lefrancais/reserver/F607502/D1758368700/VF/1235/"
"lefrancais","01","Salle 1","607502","Demon Slayer: Kimetsu no Yaiba La Forteresse Infinie Film 1","2025-09-20","17h00","VF","7.1","1235","1758380400","https://achat.cgrcinemas.fr/lefrancais/reserver/F607502/D1758380400/VF/1235/"
"lefrancais","01","Salle 1","607502","Demon Slayer: Kimetsu no Yaiba La Forteresse Infinie Film 1","2025-09-20","20h15","VO","7.1","1235","1758392100","https://achat.cgrcinemas.fr/lefrancais/reserver/F607502/D1758392100/VO/1235/"
"lefrancais","01","Salle 1","607502","Demon Slayer: Kimetsu no Yaiba La Forteresse Infinie Film 1","2025-09-21","14h30","VF","7.1","1235","1758457800","https://achat.cgrcinemas.fr/lefrancais/reserver/F607502/D1758457800/VF/1235/"
"lefrancais","01","Salle 1","607502","Demon Slayer: Kimetsu no Yaiba La Forteresse Infinie Film 1","2025-09-21","17h45","VO","7.1","1235","1758469500","https://achat.cgrcinemas.fr/lefrancais/reserver/F607502/D1758469500/VO/1235/"
"lefrancais","01","Salle 1","607502","Demon Slayer: Kimetsu no Yaiba La Forteresse Infinie Film 1","2025-09-21","21h00","VF","7.1","1235","1758481200","https://achat.cgrcinemas.fr/lefrancais/reserver/F607502/D1758481200/VF/1235/"
"lefrancais","01","Salle 1","607502","Demon Slayer: Kimetsu no Yaiba La Forteresse Infinie Film 1","2025-09-22","14h30","VO","7.1","1235","1758544200","https://achat.cgrcinemas.fr/lefrancais/reserver/F607502/D1758544200/VO/1235/"
"lefrancais","01","Salle 1","607502","Demon Slayer: Kimetsu no Yaiba La Forteresse Infinie Film 1","2025-09-22","17h45","VO","7.1","1235","1758555900","https://achat.cgrcinemas.fr/lefrancais/reserver/F607502/D1758555900/VO/1235/"
"lefrancais","01","Salle 1","607502","Demon Slayer: Kimetsu no Yaiba La Forteresse Infinie Film 1","2025-09-22","21h00","VF","7.1","1235","1758567600","https://achat.cgrcinemas.fr/lefrancais/reserver/F607502/D1758567600/VF/1235/"
"lefrancais","01","Salle 1","607502","Demon Slayer: Kimetsu no Yaiba La Forteresse Infinie Film 1","2025-09-23","14h30","VF","7.1","1235","1758630600","https://achat.cgrcinemas.fr/lefrancais/reserver/F607502/D1758630600/VF/1235/"
"lefrancais","01","Salle 1","607502","Demon Slayer: Kimetsu no Yaiba La Forteresse Infinie Film 1","2025-09-23","17h45","VO","7.1","1235","1758642300","https://achat.cgrcinemas.fr/lefrancais/reserver/F607502/D1758642300/VO/1235/"
"lefrancais","01","Salle 1","607502","Demon Slayer: Kimetsu no Yaiba La Forteresse Infinie Film 1","2025-09-23","21h00","VO","7.1","1235","1758654000","https://achat.cgrcinemas.fr/lefrancais/reserver/F607502/D1758654000/VO/1235/"
"lefrancais","01","Salle 1","628925","Connaissance du monde : La Grèce - Des îles légendaires au balcon d'Athènes","2025-11-04","14h30","VF","7.1","1235","1762263000","https://achat.cgrcinemas.fr/lefrancais/reserver/F628925/D1762263000/VF/1235/"
"lefrancais","01","Salle 1","227934","Splendeurs des lacs italiens, De la Lombardie à Venise","2025-11-25","14h30","VF","","1235","1764077400","https://achat.cgrcinemas.fr/lefrancais/reserver/F227934/D1764077400/VF/1235/"
"lefrancais","01","Salle 1","53017","Connaissance du monde : la Russie Eternelle - De Saint-Pétersbourg aux cités médiévales de l'Anneau d'Or","2026-01-06","14h30","VF","7.1","1235","1767706200","https://achat.cgrcinemas.fr/lefrancais/reserver/F53017/D1767706200/VF/1235/"
"lefrancais","01","Salle 1","550830","Connaissance du monde : L'Antarctique - Aux confins de la planète","2026-01-20","14h30","VF","7.1","1235","1768915800","https://achat.cgrcinemas.fr/lefrancais/reserver/F550830/D1768915800/VF/1235/"
"lefrancais","01","Salle 1","628931","Connaissance du monde : Le Pérou - Des sommets sacrés à la racine du monde","2026-02-24","14h30","VF","7.1","1235","1771939800","https://achat.cgrcinemas.fr/lefrancais/reserver/F628931/D1771939800/VF/1235/"
"lefrancais","01","Salle 1","628932","Connaissance du monde : Les Pyrénées - La grande traversée","2026-04-21","14h30","VF","7.1","1235","1776774600","https://achat.cgrcinemas.fr/lefrancais/reserver/F628932/D1776774600/VF/1235/"
"lefrancais","01","Salle 1","628937","Connaissance du monde : Istanbul - Le Bosphore - A la croisée des mondes et de la pensée","2026-05-19","14h30","VF","7.1","1235","1779193800","https://achat.cgrcinemas.fr/lefrancais/reserver/F628937/D1779193800/VF/1235/"
"lefrancais","02","Salle 2","578148","Évanouis","2025-08-28","16h30","VF","7.1","1236","1756391400","https://achat.cgrcinemas.fr/lefrancais/reserver/F578148/D1756391400/VF/1236/"
"lefrancais","02","Salle 2","578148","Évanouis","2025-08-28","19h30","VF","7.1","1236","1756402200","https://achat.cgrcinemas.fr/lefrancais/reserver/F578148/D1756402200/VF/1236/"
"lefrancais","02","Salle 2","578148","Évanouis","2025-08-28","22h15","VF","7.1","1236","1756412100","https://achat.cgrcinemas.fr/lefrancais/reserver/F578148/D1756412100/VF/1236/"
"lefrancais","02","Salle 2","57181","Les 4 Fantastiques : Premiers pas","2025-08-29","10h30","VF","7.1","1236","1756456200","https://achat.cgrcinemas.fr/lefrancais/reserver/F57181/D1756456200/VF/1236/"
"lefrancais","02","Salle 2","578148","Évanouis","2025-08-29","13h45","VF","7.1","1236","1756467900","https://achat.cgrcinemas.fr/lefrancais/reserver/F578148/D1756467900/VF/1236/"
"lefrancais","02","Salle 2","578148","Évanouis","2025-08-29","16h30","VF","7.1","1236","1756477800","https://achat.cgrcinemas.fr/lefrancais/reserver/F578148/D1756477800/VF/1236/"
"lefrancais","02","Salle 2","578148","Évanouis","2025-08-29","19h30","VF","7.1","1236","1756488600","https://achat.cgrcinemas.fr/lefrancais/reserver/F578148/D1756488600/VF/1236/"
"lefrancais","02","Salle 2","578148","Évanouis","2025-08-29","22h15","VF","7.1","1236","1756498500","https://achat.cgrcinemas.fr/lefrancais/reserver/F578148/D1756498500/VF/1236/"
"lefrancais","02","Salle 2","57181","Les 4 Fantastiques : Premiers pas","2025-08-30","10h30","VF","7.1","1236","1756542600","https://achat.cgrcinemas.fr/lefrancais/reserver/F57181/D1756542600/VF/1236/"
"lefrancais","02","Salle 2","578148","Évanouis","2025-08-30","13h45","VF","7.1","1236","1756554300","https://achat.cgrcinemas.fr/lefrancais/reserver/F578148/D1756554300/VF/1236/"
"lefrancais","02","Salle 2","578148","Évanouis","2025-08-30","16h30","VF","7.1","1236","1756564200","https://achat.cgrcinemas.fr/lefrancais/reserver/F578148/D1756564200/VF/1236/"
"lefrancais","02","Salle 2","578148","Évanouis","2025-08-30","19h30","VF","7.1","1236","1756575000","https://achat.cgrcinemas.fr/lefrancais/reserver/F578148/D1756575000/VF/1236/"
"lefrancais","02","Salle 2","578148","Évanouis","2025-08-30","22h15","VF","7.1","1236","1756584900","https://achat.cgrcinemas.fr/lefrancais/reserver/F578148/D1756584900/VF/1236/"
"lefrancais","02","Salle 2","574012","Dragons","2025-08-31","10h40","VF","7.1","1236","1756629600","https://achat.cgrcinemas.fr/lefrancais/reserver/F574012/D1756629600/VF/1236/"
"lefrancais","02","Salle 2","578148","Évanouis","2025-08-31","13h45","VF","7.1","1236","1756640700","https://achat.cgrcinemas.fr/lefrancais/reserver/F578148/D1756640700/VF/1236/"
"lefrancais","02","Salle 2","578148","Évanouis","2025-08-31","16h30","VF","7.1","1236","1756650600","https://achat.cgrcinemas.fr/lefrancais/reserver/F578148/D1756650600/VF/1236/"
"lefrancais","02","Salle 2","578148","Évanouis","2025-08-31","19h30","VF","7.1","1236","1756661400","https://achat.cgrcinemas.fr/lefrancais/reserver/F578148/D1756661400/VF/1236/"
"lefrancais","02","Salle 2","578148","Évanouis","2025-08-31","22h15","VF","7.1","1236","1756671300","https://achat.cgrcinemas.fr/lefrancais/reserver/F578148/D1756671300/VF/1236/"
"lefrancais","02","Salle 2","57181","Les 4 Fantastiques : Premiers pas","2025-09-01","10h30","VF","7.1","1236","1756715400","https://achat.cgrcinemas.fr/lefrancais/reserver/F57181/D1756715400/VF/1236/"
"lefrancais","02","Salle 2","578148","Évanouis","2025-09-01","13h45","VF","7.1","1236","1756727100","https://achat.cgrcinemas.fr/lefrancais/reserver/F578148/D1756727100/VF/1236/"
"lefrancais","02","Salle 2","578148","Évanouis","2025-09-01","16h30","VF","7.1","1236","1756737000","https://achat.cgrcinemas.fr/lefrancais/reserver/F578148/D1756737000/VF/1236/"
"lefrancais","02","Salle 2","578148","Évanouis","2025-09-01","19h30","VF","7.1","1236","1756747800","https://achat.cgrcinemas.fr/lefrancais/reserver/F578148/D1756747800/VF/1236/"
"lefrancais","02","Salle 2","578148","Évanouis","2025-09-01","22h15","VF","7.1","1236","1756757700","https://achat.cgrcinemas.fr/lefrancais/reserver/F578148/D1756757700/VF/1236/"
"lefrancais","02","Salle 2","57181","Les 4 Fantastiques : Premiers pas","2025-09-02","10h30","VF","7.1","1236","1756801800","https://achat.cgrcinemas.fr/lefrancais/reserver/F57181/D1756801800/VF/1236/"
"lefrancais","02","Salle 2","578148","Évanouis","2025-09-02","13h45","VF","7.1","1236","1756813500","https://achat.cgrcinemas.fr/lefrancais/reserver/F578148/D1756813500/VF/1236/"
"lefrancais","02","Salle 2","578148","Évanouis","2025-09-02","16h30","VF","7.1","1236","1756823400","https://achat.cgrcinemas.fr/lefrancais/reserver/F578148/D1756823400/VF/1236/"
"lefrancais","02","Salle 2","578148","Évanouis","2025-09-02","19h30","VF","7.1","1236","1756834200","https://achat.cgrcinemas.fr/lefrancais/reserver/F578148/D1756834200/VF/1236/"
"lefrancais","02","Salle 2","578148","Évanouis","2025-09-02","22h15","VF","7.1","1236","1756844100","https://achat.cgrcinemas.fr/lefrancais/reserver/F578148/D1756844100/VF/1236/"
"lefrancais","02","Salle 2","629523","Terminal","2025-09-05","21h00","VF","","1236","1757098800","https://achat.cgrcinemas.fr/lefrancais/reserver/F629523/D1757098800/VF/1236/"
"lefrancais","02","Salle 2","629357","Rocket league world championship final 2025","2025-09-14","19h30","VF","7.1","1236","1757871000","https://achat.cgrcinemas.fr/lefrancais/reserver/F629357/D1757871000/VF/1236/"
"lefrancais","02","Salle 2","607502","Demon Slayer: Kimetsu no Yaiba La Forteresse Infinie Film 1","2025-09-18","17h45","VO","7.1","1236","1758210300","https://achat.cgrcinemas.fr/lefrancais/reserver/F607502/D1758210300/VO/1236/"
"lefrancais","02","Salle 2","607502","Demon Slayer: Kimetsu no Yaiba La Forteresse Infinie Film 1","2025-09-18","21h15","VF","7.1","1236","1758222900","https://achat.cgrcinemas.fr/lefrancais/reserver/F607502/D1758222900/VF/1236/"
"lefrancais","02","Salle 2","616288","Super Grand Prix","2025-10-05","10h45","VF","7.1","1236","1759653900","https://achat.cgrcinemas.fr/lefrancais/reserver/F616288/D1759653900/VF/1236/"
"lefrancais","04","Salle 4","57181","Les 4 Fantastiques : Premiers pas","2025-08-28","16h30","VF","","1238","1756391400","https://achat.cgrcinemas.fr/lefrancais/reserver/F57181/D1756391400/VF/1238/"
"lefrancais","04","Salle 4","606490","Y a pas de réseau","2025-08-28","19h00","VF","","1238","1756400400","https://achat.cgrcinemas.fr/lefrancais/reserver/F606490/D1756400400/VF/1238/"
"lefrancais","04","Salle 4","554372","F1® LE FILM","2025-08-28","21h00","VF","","1238","1756407600","https://achat.cgrcinemas.fr/lefrancais/reserver/F554372/D1756407600/VF/1238/"
"lefrancais","04","Salle 4","601628","La Guerre des Rose","2025-08-29","10h40","VF","","1238","1756456800","https://achat.cgrcinemas.fr/lefrancais/reserver/F601628/D1756456800/VF/1238/"
"lefrancais","04","Salle 4","57181","Les 4 Fantastiques : Premiers pas","2025-08-29","13h20","VF","","1238","1756466400","https://achat.cgrcinemas.fr/lefrancais/reserver/F57181/D1756466400/VF/1238/"
"lefrancais","04","Salle 4","57181","Les 4 Fantastiques : Premiers pas","2025-08-29","16h30","VF","3D","1238","1756477800","https://achat.cgrcinemas.fr/lefrancais/reserver/F57181/D1756477800/VF/1238/"
"lefrancais","04","Salle 4","606490","Y a pas de réseau","2025-08-29","19h00","VF","","1238","1756486800","https://achat.cgrcinemas.fr/lefrancais/reserver/F606490/D1756486800/VF/1238/"
"lefrancais","04","Salle 4","554372","F1® LE FILM","2025-08-29","21h00","VF","","1238","1756494000","https://achat.cgrcinemas.fr/lefrancais/reserver/F554372/D1756494000/VF/1238/"
"lefrancais","04","Salle 4","601628","La Guerre des Rose","2025-08-30","10h40","VF","","1238","1756543200","https://achat.cgrcinemas.fr/lefrancais/reserver/F601628/D1756543200/VF/1238/"
"lefrancais","04","Salle 4","57181","Les 4 Fantastiques : Premiers pas","2025-08-30","13h20","VF","","1238","1756552800","https://achat.cgrcinemas.fr/lefrancais/reserver/F57181/D1756552800/VF/1238/"
"lefrancais","04","Salle 4","554372","F1® LE FILM","2025-08-30","15h45","VF","","1238","1756561500","https://achat.cgrcinemas.fr/lefrancais/reserver/F554372/D1756561500/VF/1238/"
"lefrancais","04","Salle 4","606490","Y a pas de réseau","2025-08-30","19h00","VF","","1238","1756573200","https://achat.cgrcinemas.fr/lefrancais/reserver/F606490/D1756573200/VF/1238/"
"lefrancais","04","Salle 4","554372","F1® LE FILM","2025-08-30","21h00","VF","","1238","1756580400","https://achat.cgrcinemas.fr/lefrancais/reserver/F554372/D1756580400/VF/1238/"
"lefrancais","04","Salle 4","601628","La Guerre des Rose","2025-08-31","10h40","VF","","1238","1756629600","https://achat.cgrcinemas.fr/lefrancais/reserver/F601628/D1756629600/VF/1238/"
"lefrancais","04","Salle 4","57181","Les 4 Fantastiques : Premiers pas","2025-08-31","13h20","VF","","1238","1756639200","https://achat.cgrcinemas.fr/lefrancais/reserver/F57181/D1756639200/VF/1238/"
"lefrancais","04","Salle 4","57181","Les 4 Fantastiques : Premiers pas","2025-08-31","16h10","VF","","1238","1756649400","https://achat.cgrcinemas.fr/lefrancais/reserver/F57181/D1756649400/VF/1238/"
"lefrancais","04","Salle 4","554372","F1® LE FILM","2025-08-31","19h15","VF","","1238","1756660500","https://achat.cgrcinemas.fr/lefrancais/reserver/F554372/D1756660500/VF/1238/"
"lefrancais","04","Salle 4","57181","Les 4 Fantastiques : Premiers pas","2025-08-31","22h20","VF","","1238","1756671600","https://achat.cgrcinemas.fr/lefrancais/reserver/F57181/D1756671600/VF/1238/"
"lefrancais","04","Salle 4","601628","La Guerre des Rose","2025-09-01","10h40","VF","","1238","1756716000","https://achat.cgrcinemas.fr/lefrancais/reserver/F601628/D1756716000/VF/1238/"
"lefrancais","04","Salle 4","57181","Les 4 Fantastiques : Premiers pas","2025-09-01","13h20","VF","","1238","1756725600","https://achat.cgrcinemas.fr/lefrancais/reserver/F57181/D1756725600/VF/1238/"
"lefrancais","04","Salle 4","57181","Les 4 Fantastiques : Premiers pas","2025-09-01","16h30","VF","","1238","1756737000","https://achat.cgrcinemas.fr/lefrancais/reserver/F57181/D1756737000/VF/1238/"
"lefrancais","04","Salle 4","606490","Y a pas de réseau","2025-09-01","19h00","VF","","1238","1756746000","https://achat.cgrcinemas.fr/lefrancais/reserver/F606490/D1756746000/VF/1238/"
"lefrancais","04","Salle 4","554372","F1® LE FILM","2025-09-01","21h00","VF","","1238","1756753200","https://achat.cgrcinemas.fr/lefrancais/reserver/F554372/D1756753200/VF/1238/"
"lefrancais","04","Salle 4","601628","La Guerre des Rose","2025-09-02","10h40","VF","","1238","1756802400","https://achat.cgrcinemas.fr/lefrancais/reserver/F601628/D1756802400/VF/1238/"
"lefrancais","04","Salle 4","57181","Les 4 Fantastiques : Premiers pas","2025-09-02","13h20","VF","","1238","1756812000","https://achat.cgrcinemas.fr/lefrancais/reserver/F57181/D1756812000/VF/1238/"
"lefrancais","04","Salle 4","57181","Les 4 Fantastiques : Premiers pas","2025-09-02","16h30","VF","","1238","1756823400","https://achat.cgrcinemas.fr/lefrancais/reserver/F57181/D1756823400/VF/1238/"
"lefrancais","04","Salle 4","606490","Y a pas de réseau","2025-09-02","19h00","VF","","1238","1756832400","https://achat.cgrcinemas.fr/lefrancais/reserver/F606490/D1756832400/VF/1238/"
"lefrancais","04","Salle 4","554372","F1® LE FILM","2025-09-02","21h00","VF","","1238","1756839600","https://achat.cgrcinemas.fr/lefrancais/reserver/F554372/D1756839600/VF/1238/"
"lefrancais","04","Salle 4","626740","Shimla, une fugue des temps modernes","2025-09-08","19h30","VF","","1238","1757352600","https://achat.cgrcinemas.fr/lefrancais/reserver/F626740/D1757352600/VF/1238/"
"lefrancais","04","Salle 4","628663","Les aventures du Nexus VI","2025-09-18","21h00","VF","","1238","1758222000","https://achat.cgrcinemas.fr/lefrancais/reserver/F628663/D1758222000/VF/1238/"
"lefrancais","04","Salle 4","628146","Sans famille (Comédie-Française)","2025-09-24","15h45","VF","","1238","1758721500","https://achat.cgrcinemas.fr/lefrancais/reserver/F628146/D1758721500/VF/1238/"
"lefrancais","04","Salle 4","628146","Sans famille (Comédie-Française)","2025-09-27","13h45","VF","","1238","1758973500","https://achat.cgrcinemas.fr/lefrancais/reserver/F628146/D1758973500/VF/1238/"
"lefrancais","04","Salle 4","628146","Sans famille (Comédie-Française)","2025-09-28","10h40","VF","","1238","1759048800","https://achat.cgrcinemas.fr/lefrancais/reserver/F628146/D1759048800/VF/1238/"
"lefrancais","04","Salle 4","627878","Alexandre Desplat - Le Concert symphonique au cinéma","2025-09-28","17h45","VF","","1238","1759074300","https://achat.cgrcinemas.fr/lefrancais/reserver/F627878/D1759074300/VF/1238/"
"lefrancais","04","Salle 4","586204","France, une histoire d'amour","2025-10-10","19h30","VF","","1238","1760117400","https://achat.cgrcinemas.fr/lefrancais/reserver/F586204/D1760117400/VF/1238/"
"lefrancais","05","Salle 5","584376","La Nuit des clowns","2025-08-28","15h50","VF","","1239","1756389000","https://achat.cgrcinemas.fr/lefrancais/reserver/F584376/D1756389000/VF/1239/"
"lefrancais","05","Salle 5","584376","La Nuit des clowns","2025-08-28","18h00","VF","","1239","1756396800","https://achat.cgrcinemas.fr/lefrancais/reserver/F584376/D1756396800/VF/1239/"
"lefrancais","05","Salle 5","584376","La Nuit des clowns","2025-08-28","20h15","VF","","1239","1756404900","https://achat.cgrcinemas.fr/lefrancais/reserver/F584376/D1756404900/VF/1239/"
"lefrancais","05","Salle 5","584376","La Nuit des clowns","2025-08-28","22h30","VF","","1239","1756413000","https://achat.cgrcinemas.fr/lefrancais/reserver/F584376/D1756413000/VF/1239/"
"lefrancais","05","Salle 5","566118","Elio","2025-08-29","10h45","VF","","1239","1756457100","https://achat.cgrcinemas.fr/lefrancais/reserver/F566118/D1756457100/VF/1239/"
"lefrancais","05","Salle 5","584376","La Nuit des clowns","2025-08-29","13h40","VF","","1239","1756467600","https://achat.cgrcinemas.fr/lefrancais/reserver/F584376/D1756467600/VF/1239/"
"lefrancais","05","Salle 5","584376","La Nuit des clowns","2025-08-29","15h50","VF","","1239","1756475400","https://achat.cgrcinemas.fr/lefrancais/reserver/F584376/D1756475400/VF/1239/"
"lefrancais","05","Salle 5","584376","La Nuit des clowns","2025-08-29","18h00","VF","","1239","1756483200","https://achat.cgrcinemas.fr/lefrancais/reserver/F584376/D1756483200/VF/1239/"
"lefrancais","05","Salle 5","584376","La Nuit des clowns","2025-08-29","20h15","VF","","1239","1756491300","https://achat.cgrcinemas.fr/lefrancais/reserver/F584376/D1756491300/VF/1239/"
"lefrancais","05","Salle 5","584376","La Nuit des clowns","2025-08-29","22h30","VF","","1239","1756499400","https://achat.cgrcinemas.fr/lefrancais/reserver/F584376/D1756499400/VF/1239/"
"lefrancais","05","Salle 5","574012","Dragons","2025-08-30","10h40","VF","","1239","1756543200","https://achat.cgrcinemas.fr/lefrancais/reserver/F574012/D1756543200/VF/1239/"
"lefrancais","05","Salle 5","584376","La Nuit des clowns","2025-08-30","13h40","VF","","1239","1756554000","https://achat.cgrcinemas.fr/lefrancais/reserver/F584376/D1756554000/VF/1239/"
"lefrancais","05","Salle 5","584376","La Nuit des clowns","2025-08-30","15h50","VF","","1239","1756561800","https://achat.cgrcinemas.fr/lefrancais/reserver/F584376/D1756561800/VF/1239/"
"lefrancais","05","Salle 5","584376","La Nuit des clowns","2025-08-30","18h00","VF","","1239","1756569600","https://achat.cgrcinemas.fr/lefrancais/reserver/F584376/D1756569600/VF/1239/"
"lefrancais","05","Salle 5","584376","La Nuit des clowns","2025-08-30","20h15","VF","","1239","1756577700","https://achat.cgrcinemas.fr/lefrancais/reserver/F584376/D1756577700/VF/1239/"
"lefrancais","05","Salle 5","584376","La Nuit des clowns","2025-08-30","22h30","VF","","1239","1756585800","https://achat.cgrcinemas.fr/lefrancais/reserver/F584376/D1756585800/VF/1239/"
"lefrancais","05","Salle 5","566118","Elio","2025-08-31","10h40","VF","","1239","1756629600","https://achat.cgrcinemas.fr/lefrancais/reserver/F566118/D1756629600/VF/1239/"
"lefrancais","05","Salle 5","584376","La Nuit des clowns","2025-08-31","13h40","VF","","1239","1756640400","https://achat.cgrcinemas.fr/lefrancais/reserver/F584376/D1756640400/VF/1239/"
"lefrancais","05","Salle 5","584376","La Nuit des clowns","2025-08-31","15h50","VF","","1239","1756648200","https://achat.cgrcinemas.fr/lefrancais/reserver/F584376/D1756648200/VF/1239/"
"lefrancais","05","Salle 5","584376","La Nuit des clowns","2025-08-31","18h00","VF","","1239","1756656000","https://achat.cgrcinemas.fr/lefrancais/reserver/F584376/D1756656000/VF/1239/"
"lefrancais","05","Salle 5","584376","La Nuit des clowns","2025-08-31","20h15","VF","","1239","1756664100","https://achat.cgrcinemas.fr/lefrancais/reserver/F584376/D1756664100/VF/1239/"
"lefrancais","05","Salle 5","584376","La Nuit des clowns","2025-08-31","22h30","VF","","1239","1756672200","https://achat.cgrcinemas.fr/lefrancais/reserver/F584376/D1756672200/VF/1239/"
"lefrancais","05","Salle 5","566118","Elio","2025-09-01","10h45","VF","","1239","1756716300","https://achat.cgrcinemas.fr/lefrancais/reserver/F566118/D1756716300/VF/1239/"
"lefrancais","05","Salle 5","584376","La Nuit des clowns","2025-09-01","13h40","VF","","1239","1756726800","https://achat.cgrcinemas.fr/lefrancais/reserver/F584376/D1756726800/VF/1239/"
"lefrancais","05","Salle 5","584376","La Nuit des clowns","2025-09-01","15h50","VF","","1239","1756734600","https://achat.cgrcinemas.fr/lefrancais/reserver/F584376/D1756734600/VF/1239/"
"lefrancais","05","Salle 5","584376","La Nuit des clowns","2025-09-01","18h00","VF","","1239","1756742400","https://achat.cgrcinemas.fr/lefrancais/reserver/F584376/D1756742400/VF/1239/"
"lefrancais","05","Salle 5","584376","La Nuit des clowns","2025-09-01","20h15","VF","","1239","1756750500","https://achat.cgrcinemas.fr/lefrancais/reserver/F584376/D1756750500/VF/1239/"
"lefrancais","05","Salle 5","584376","La Nuit des clowns","2025-09-01","22h30","VF","","1239","1756758600","https://achat.cgrcinemas.fr/lefrancais/reserver/F584376/D1756758600/VF/1239/"
"lefrancais","05","Salle 5","322713","Superman","2025-09-02","10h30","VF","","1239","1756801800","https://achat.cgrcinemas.fr/lefrancais/reserver/F322713/D1756801800/VF/1239/"
"lefrancais","05","Salle 5","584376","La Nuit des clowns","2025-09-02","13h40","VF","","1239","1756813200","https://achat.cgrcinemas.fr/lefrancais/reserver/F584376/D1756813200/VF/1239/"
"lefrancais","05","Salle 5","584376","La Nuit des clowns","2025-09-02","15h50","VF","","1239","1756821000","https://achat.cgrcinemas.fr/lefrancais/reserver/F584376/D1756821000/VF/1239/"
"lefrancais","05","Salle 5","584376","La Nuit des clowns","2025-09-02","18h00","VF","","1239","1756828800","https://achat.cgrcinemas.fr/lefrancais/reserver/F584376/D1756828800/VF/1239/"
"lefrancais","05","Salle 5","584376","La Nuit des clowns","2025-09-02","20h15","VF","","1239","1756836900","https://achat.cgrcinemas.fr/lefrancais/reserver/F584376/D1756836900/VF/1239/"
"lefrancais","05","Salle 5","584376","La Nuit des clowns","2025-09-02","22h30","VF","","1239","1756845000","https://achat.cgrcinemas.fr/lefrancais/reserver/F584376/D1756845000/VF/1239/"
"lefrancais","06","Salle 6","629465","Bluey au Cinéma - Aventures en Famille","2025-08-28","15h00","VF","7.1","1240","1756386000","https://achat.cgrcinemas.fr/lefrancais/reserver/F629465/D1756386000/VF/1240/"
"lefrancais","06","Salle 6","602146","Dracula","2025-08-28","16h40","VF","7.1","1240","1756392000","https://achat.cgrcinemas.fr/lefrancais/reserver/F602146/D1756392000/VF/1240/"
"lefrancais","06","Salle 6","596694","Jurassic World : Renaissance","2025-08-28","19h30","VF","7.1","1240","1756402200","https://achat.cgrcinemas.fr/lefrancais/reserver/F596694/D1756402200/VF/1240/"
"lefrancais","06","Salle 6","597614","Together","2025-08-28","22h20","VF","7.1","1240","1756412400","https://achat.cgrcinemas.fr/lefrancais/reserver/F597614/D1756412400/VF/1240/"
"lefrancais","06","Salle 6","629465","Bluey au Cinéma - Aventures en Famille","2025-08-29","10h45","VF","7.1","1240","1756457100","https://achat.cgrcinemas.fr/lefrancais/reserver/F629465/D1756457100/VF/1240/"
"lefrancais","06","Salle 6","367522","Y a-t-il un flic pour sauver le monde ?","2025-08-29","13h00","VF","7.1","1240","1756465200","https://achat.cgrcinemas.fr/lefrancais/reserver/F367522/D1756465200/VF/1240/"
"lefrancais","06","Salle 6","629465","Bluey au Cinéma - Aventures en Famille","2025-08-29","15h00","VF","7.1","1240","1756472400","https://achat.cgrcinemas.fr/lefrancais/reserver/F629465/D1756472400/VF/1240/"
"lefrancais","06","Salle 6","586332","Freaky Friday 2 : Encore dans la peau de ma mère","2025-08-29","16h40","VF","7.1","1240","1756478400","https://achat.cgrcinemas.fr/lefrancais/reserver/F586332/D1756478400/VF/1240/"
"lefrancais","06","Salle 6","596694","Jurassic World : Renaissance","2025-08-29","19h30","VF","7.1","1240","1756488600","https://achat.cgrcinemas.fr/lefrancais/reserver/F596694/D1756488600/VF/1240/"
"lefrancais","06","Salle 6","367522","Y a-t-il un flic pour sauver le monde ?","2025-08-29","22h30","VF","7.1","1240","1756499400","https://achat.cgrcinemas.fr/lefrancais/reserver/F367522/D1756499400/VF/1240/"
"lefrancais","06","Salle 6","629465","Bluey au Cinéma - Aventures en Famille","2025-08-30","10h45","VF","7.1","1240","1756543500","https://achat.cgrcinemas.fr/lefrancais/reserver/F629465/D1756543500/VF/1240/"
"lefrancais","06","Salle 6","367522","Y a-t-il un flic pour sauver le monde ?","2025-08-30","13h00","VF","7.1","1240","1756551600","https://achat.cgrcinemas.fr/lefrancais/reserver/F367522/D1756551600/VF/1240/"
"lefrancais","06","Salle 6","629465","Bluey au Cinéma - Aventures en Famille","2025-08-30","15h00","VF","7.1","1240","1756558800","https://achat.cgrcinemas.fr/lefrancais/reserver/F629465/D1756558800/VF/1240/"
"lefrancais","06","Salle 6","596694","Jurassic World : Renaissance","2025-08-30","16h30","VF","7.1","1240","1756564200","https://achat.cgrcinemas.fr/lefrancais/reserver/F596694/D1756564200/VF/1240/"
"lefrancais","06","Salle 6","596694","Jurassic World : Renaissance","2025-08-30","19h30","VF","7.1","1240","1756575000","https://achat.cgrcinemas.fr/lefrancais/reserver/F596694/D1756575000/VF/1240/"
"lefrancais","06","Salle 6","367522","Y a-t-il un flic pour sauver le monde ?","2025-08-30","22h30","VF","7.1","1240","1756585800","https://achat.cgrcinemas.fr/lefrancais/reserver/F367522/D1756585800/VF/1240/"
"lefrancais","06","Salle 6","629465","Bluey au Cinéma - Aventures en Famille","2025-08-31","10h45","VF","7.1","1240","1756629900","https://achat.cgrcinemas.fr/lefrancais/reserver/F629465/D1756629900/VF/1240/"
"lefrancais","06","Salle 6","606490","Y a pas de réseau","2025-08-31","13h00","VF","7.1","1240","1756638000","https://achat.cgrcinemas.fr/lefrancais/reserver/F606490/D1756638000/VF/1240/"
"lefrancais","06","Salle 6","629465","Bluey au Cinéma - Aventures en Famille","2025-08-31","15h00","VF","7.1","1240","1756645200","https://achat.cgrcinemas.fr/lefrancais/reserver/F629465/D1756645200/VF/1240/"
"lefrancais","06","Salle 6","596694","Jurassic World : Renaissance","2025-08-31","16h30","VF","7.1","1240","1756650600","https://achat.cgrcinemas.fr/lefrancais/reserver/F596694/D1756650600/VF/1240/"
"lefrancais","06","Salle 6","596694","Jurassic World : Renaissance","2025-08-31","19h30","VF","7.1","1240","1756661400","https://achat.cgrcinemas.fr/lefrancais/reserver/F596694/D1756661400/VF/1240/"
"lefrancais","06","Salle 6","596694","Jurassic World : Renaissance","2025-08-31","22h15","VF","7.1","1240","1756671300","https://achat.cgrcinemas.fr/lefrancais/reserver/F596694/D1756671300/VF/1240/"
"lefrancais","06","Salle 6","629465","Bluey au Cinéma - Aventures en Famille","2025-09-01","10h45","VF","7.1","1240","1756716300","https://achat.cgrcinemas.fr/lefrancais/reserver/F629465/D1756716300/VF/1240/"
"lefrancais","06","Salle 6","596694","Jurassic World : Renaissance","2025-09-01","13h15","VF","7.1","1240","1756725300","https://achat.cgrcinemas.fr/lefrancais/reserver/F596694/D1756725300/VF/1240/"
"lefrancais","06","Salle 6","554372","F1® LE FILM","2025-09-01","16h10","VF","7.1","1240","1756735800","https://achat.cgrcinemas.fr/lefrancais/reserver/F554372/D1756735800/VF/1240/"
"lefrancais","06","Salle 6","596694","Jurassic World : Renaissance","2025-09-01","19h30","VF","7.1","1240","1756747800","https://achat.cgrcinemas.fr/lefrancais/reserver/F596694/D1756747800/VF/1240/"
"lefrancais","06","Salle 6","596694","Jurassic World : Renaissance","2025-09-01","22h15","VF","7.1","1240","1756757700","https://achat.cgrcinemas.fr/lefrancais/reserver/F596694/D1756757700/VF/1240/"
"lefrancais","06","Salle 6","629465","Bluey au Cinéma - Aventures en Famille","2025-09-02","10h45","VF","7.1","1240","1756802700","https://achat.cgrcinemas.fr/lefrancais/reserver/F629465/D1756802700/VF/1240/"
"lefrancais","06","Salle 6","596694","Jurassic World : Renaissance","2025-09-02","13h15","VF","7.1","1240","1756811700","https://achat.cgrcinemas.fr/lefrancais/reserver/F596694/D1756811700/VF/1240/"
"lefrancais","06","Salle 6","554372","F1® LE FILM","2025-09-02","16h10","VF","7.1","1240","1756822200","https://achat.cgrcinemas.fr/lefrancais/reserver/F554372/D1756822200/VF/1240/"
"lefrancais","06","Salle 6","596694","Jurassic World : Renaissance","2025-09-02","19h30","VF","7.1","1240","1756834200","https://achat.cgrcinemas.fr/lefrancais/reserver/F596694/D1756834200/VF/1240/"
"lefrancais","06","Salle 6","57181","Les 4 Fantastiques : Premiers pas","2025-09-02","22h20","VF","7.1","1240","1756844400","https://achat.cgrcinemas.fr/lefrancais/reserver/F57181/D1756844400/VF/1240/"
"lefrancais","06","Salle 6","14180","Le Silence des agneaux","2025-09-04","19h50","VF","7.1","1240","1757008200","https://achat.cgrcinemas.fr/lefrancais/reserver/F14180/D1757008200/VF/1240/"
"lefrancais","06","Salle 6","14180","Le Silence des agneaux","2025-09-08","22h15","VF","7.1","1240","1757362500","https://achat.cgrcinemas.fr/lefrancais/reserver/F14180/D1757362500/VF/1240/"
"lefrancais","07","Salle 7","555972","Les Schtroumpfs - Le film","2025-08-28","15h30","VF","","1241","1756387800","https://achat.cgrcinemas.fr/lefrancais/reserver/F555972/D1756387800/VF/1241/"
"lefrancais","07","Salle 7","601160","Les Bad Guys 2","2025-08-28","17h30","VF","","1241","1756395000","https://achat.cgrcinemas.fr/lefrancais/reserver/F601160/D1756395000/VF/1241/"
"lefrancais","07","Salle 7","602146","Dracula","2025-08-28","19h45","VF","","1241","1756403100","https://achat.cgrcinemas.fr/lefrancais/reserver/F602146/D1756403100/VF/1241/"
"lefrancais","07","Salle 7","367522","Y a-t-il un flic pour sauver le monde ?","2025-08-28","22h30","VF","","1241","1756413000","https://achat.cgrcinemas.fr/lefrancais/reserver/F367522/D1756413000/VF/1241/"
"lefrancais","07","Salle 7","555972","Les Schtroumpfs - Le film","2025-08-29","10h40","VF","","1241","1756456800","https://achat.cgrcinemas.fr/lefrancais/reserver/F555972/D1756456800/VF/1241/"
"lefrancais","07","Salle 7","555972","Les Schtroumpfs - Le film","2025-08-29","13h15","VF","","1241","1756466100","https://achat.cgrcinemas.fr/lefrancais/reserver/F555972/D1756466100/VF/1241/"
"lefrancais","07","Salle 7","555972","Les Schtroumpfs - Le film","2025-08-29","15h30","VF","","1241","1756474200","https://achat.cgrcinemas.fr/lefrancais/reserver/F555972/D1756474200/VF/1241/"
"lefrancais","07","Salle 7","601160","Les Bad Guys 2","2025-08-29","17h30","VF","","1241","1756481400","https://achat.cgrcinemas.fr/lefrancais/reserver/F601160/D1756481400/VF/1241/"
"lefrancais","07","Salle 7","301987","Kaamelott - Premier volet","2025-08-29","19h45","VF","","1241","1756489500","https://achat.cgrcinemas.fr/lefrancais/reserver/F301987/D1756489500/VF/1241/"
"lefrancais","07","Salle 7","597614","Together","2025-08-29","22h15","VF","","1241","1756498500","https://achat.cgrcinemas.fr/lefrancais/reserver/F597614/D1756498500/VF/1241/"
"lefrancais","07","Salle 7","555972","Les Schtroumpfs - Le film","2025-08-30","10h40","VF","","1241","1756543200","https://achat.cgrcinemas.fr/lefrancais/reserver/F555972/D1756543200/VF/1241/"
"lefrancais","07","Salle 7","555972","Les Schtroumpfs - Le film","2025-08-30","13h15","VF","","1241","1756552500","https://achat.cgrcinemas.fr/lefrancais/reserver/F555972/D1756552500/VF/1241/"
"lefrancais","07","Salle 7","555972","Les Schtroumpfs - Le film","2025-08-30","15h30","VF","","1241","1756560600","https://achat.cgrcinemas.fr/lefrancais/reserver/F555972/D1756560600/VF/1241/"
"lefrancais","07","Salle 7","601160","Les Bad Guys 2","2025-08-30","17h30","VF","","1241","1756567800","https://achat.cgrcinemas.fr/lefrancais/reserver/F601160/D1756567800/VF/1241/"
"lefrancais","07","Salle 7","367522","Y a-t-il un flic pour sauver le monde ?","2025-08-30","19h45","VF","","1241","1756575900","https://achat.cgrcinemas.fr/lefrancais/reserver/F367522/D1756575900/VF/1241/"
"lefrancais","07","Salle 7","597614","Together","2025-08-30","22h00","VF","","1241","1756584000","https://achat.cgrcinemas.fr/lefrancais/reserver/F597614/D1756584000/VF/1241/"
"lefrancais","07","Salle 7","555972","Les Schtroumpfs - Le film","2025-08-31","10h40","VF","","1241","1756629600","https://achat.cgrcinemas.fr/lefrancais/reserver/F555972/D1756629600/VF/1241/"
"lefrancais","07","Salle 7","555972","Les Schtroumpfs - Le film","2025-08-31","13h15","VF","","1241","1756638900","https://achat.cgrcinemas.fr/lefrancais/reserver/F555972/D1756638900/VF/1241/"
"lefrancais","07","Salle 7","555972","Les Schtroumpfs - Le film","2025-08-31","15h30","VF","","1241","1756647000","https://achat.cgrcinemas.fr/lefrancais/reserver/F555972/D1756647000/VF/1241/"
"lefrancais","07","Salle 7","601160","Les Bad Guys 2","2025-08-31","17h30","VF","","1241","1756654200","https://achat.cgrcinemas.fr/lefrancais/reserver/F601160/D1756654200/VF/1241/"
"lefrancais","07","Salle 7","367522","Y a-t-il un flic pour sauver le monde ?","2025-08-31","19h45","VF","","1241","1756662300","https://achat.cgrcinemas.fr/lefrancais/reserver/F367522/D1756662300/VF/1241/"
"lefrancais","07","Salle 7","597614","Together","2025-08-31","22h00","VF","","1241","1756670400","https://achat.cgrcinemas.fr/lefrancais/reserver/F597614/D1756670400/VF/1241/"
"lefrancais","07","Salle 7","555972","Les Schtroumpfs - Le film","2025-09-01","10h40","VF","","1241","1756716000","https://achat.cgrcinemas.fr/lefrancais/reserver/F555972/D1756716000/VF/1241/"
"lefrancais","07","Salle 7","367522","Y a-t-il un flic pour sauver le monde ?","2025-09-01","13h45","VF","","1241","1756727100","https://achat.cgrcinemas.fr/lefrancais/reserver/F367522/D1756727100/VF/1241/"
"lefrancais","07","Salle 7","367522","Y a-t-il un flic pour sauver le monde ?","2025-09-01","15h40","VF","","1241","1756734000","https://achat.cgrcinemas.fr/lefrancais/reserver/F367522/D1756734000/VF/1241/"
"lefrancais","07","Salle 7","32877","Pretty Woman","2025-09-01","17h45","VF","","1241","1756741500","https://achat.cgrcinemas.fr/lefrancais/reserver/F32877/D1756741500/VF/1241/"
"lefrancais","07","Salle 7","367522","Y a-t-il un flic pour sauver le monde ?","2025-09-01","20h15","VF","","1241","1756750500","https://achat.cgrcinemas.fr/lefrancais/reserver/F367522/D1756750500/VF/1241/"
"lefrancais","07","Salle 7","586332","Freaky Friday 2 : Encore dans la peau de ma mère","2025-09-01","22h15","VF","","1241","1756757700","https://achat.cgrcinemas.fr/lefrancais/reserver/F586332/D1756757700/VF/1241/"
"lefrancais","07","Salle 7","555972","Les Schtroumpfs - Le film","2025-09-02","10h40","VF","","1241","1756802400","https://achat.cgrcinemas.fr/lefrancais/reserver/F555972/D1756802400/VF/1241/"
"lefrancais","07","Salle 7","367522","Y a-t-il un flic pour sauver le monde ?","2025-09-02","13h45","VF","","1241","1756813500","https://achat.cgrcinemas.fr/lefrancais/reserver/F367522/D1756813500/VF/1241/"
"lefrancais","07","Salle 7","367522","Y a-t-il un flic pour sauver le monde ?","2025-09-02","15h40","VF","","1241","1756820400","https://achat.cgrcinemas.fr/lefrancais/reserver/F367522/D1756820400/VF/1241/"
"lefrancais","07","Salle 7","586332","Freaky Friday 2 : Encore dans la peau de ma mère","2025-09-02","17h45","VF","","1241","1756827900","https://achat.cgrcinemas.fr/lefrancais/reserver/F586332/D1756827900/VF/1241/"
"lefrancais","07","Salle 7","367522","Y a-t-il un flic pour sauver le monde ?","2025-09-02","20h15","VF","","1241","1756836900","https://achat.cgrcinemas.fr/lefrancais/reserver/F367522/D1756836900/VF/1241/"
"lefrancais","07","Salle 7","586332","Freaky Friday 2 : Encore dans la peau de ma mère","2025-09-02","22h15","VF","","1241","1756844100","https://achat.cgrcinemas.fr/lefrancais/reserver/F586332/D1756844100/VF/1241/"
"lefrancais","08","Salle 8","606490","Y a pas de réseau","2025-08-28","15h30","VF","","1242","1756387800","https://achat.cgrcinemas.fr/lefrancais/reserver/F606490/D1756387800/VF/1242/"
"lefrancais","08","Salle 8","601872","Pris au piège - Caught Stealing","2025-08-28","17h30","VF","","1242","1756395000","https://achat.cgrcinemas.fr/lefrancais/reserver/F601872/D1756395000/VF/1242/"
"lefrancais","08","Salle 8","566486","Karate Kid: Legends","2025-08-28","19h50","VF","","1242","1756403400","https://achat.cgrcinemas.fr/lefrancais/reserver/F566486/D1756403400/VF/1242/"
"lefrancais","08","Salle 8","57181","Les 4 Fantastiques : Premiers pas","2025-08-28","22h00","VF","","1242","1756411200","https://achat.cgrcinemas.fr/lefrancais/reserver/F57181/D1756411200/VF/1242/"
"lefrancais","08","Salle 8","257789","Lilo & Stitch","2025-08-29","10h40","VF","","1242","1756456800","https://achat.cgrcinemas.fr/lefrancais/reserver/F257789/D1756456800/VF/1242/"
"lefrancais","08","Salle 8","606490","Y a pas de réseau","2025-08-29","13h20","VF","","1242","1756466400","https://achat.cgrcinemas.fr/lefrancais/reserver/F606490/D1756466400/VF/1242/"
"lefrancais","08","Salle 8","606490","Y a pas de réseau","2025-08-29","15h20","VF","","1242","1756473600","https://achat.cgrcinemas.fr/lefrancais/reserver/F606490/D1756473600/VF/1242/"
"lefrancais","08","Salle 8","601872","Pris au piège - Caught Stealing","2025-08-29","17h30","VF","","1242","1756481400","https://achat.cgrcinemas.fr/lefrancais/reserver/F601872/D1756481400/VF/1242/"
"lefrancais","08","Salle 8","566486","Karate Kid: Legends","2025-08-29","19h50","VF","","1242","1756489800","https://achat.cgrcinemas.fr/lefrancais/reserver/F566486/D1756489800/VF/1242/"
"lefrancais","08","Salle 8","602146","Dracula","2025-08-29","22h10","VF","","1242","1756498200","https://achat.cgrcinemas.fr/lefrancais/reserver/F602146/D1756498200/VF/1242/"
"lefrancais","08","Salle 8","257789","Lilo & Stitch","2025-08-30","10h40","VF","","1242","1756543200","https://achat.cgrcinemas.fr/lefrancais/reserver/F257789/D1756543200/VF/1242/"
"lefrancais","08","Salle 8","601160","Les Bad Guys 2","2025-08-30","13h15","VF","","1242","1756552500","https://achat.cgrcinemas.fr/lefrancais/reserver/F601160/D1756552500/VF/1242/"
"lefrancais","08","Salle 8","606490","Y a pas de réseau","2025-08-30","15h30","VF","","1242","1756560600","https://achat.cgrcinemas.fr/lefrancais/reserver/F606490/D1756560600/VF/1242/"
"lefrancais","08","Salle 8","601872","Pris au piège - Caught Stealing","2025-08-30","17h30","VF","","1242","1756567800","https://achat.cgrcinemas.fr/lefrancais/reserver/F601872/D1756567800/VF/1242/"
"lefrancais","08","Salle 8","566486","Karate Kid: Legends","2025-08-30","19h50","VF","","1242","1756576200","https://achat.cgrcinemas.fr/lefrancais/reserver/F566486/D1756576200/VF/1242/"
"lefrancais","08","Salle 8","602146","Dracula","2025-08-30","22h10","VF","","1242","1756584600","https://achat.cgrcinemas.fr/lefrancais/reserver/F602146/D1756584600/VF/1242/"
"lefrancais","08","Salle 8","601160","Les Bad Guys 2","2025-08-31","10h45","VF","","1242","1756629900","https://achat.cgrcinemas.fr/lefrancais/reserver/F601160/D1756629900/VF/1242/"
"lefrancais","08","Salle 8","601160","Les Bad Guys 2","2025-08-31","13h15","VF","","1242","1756638900","https://achat.cgrcinemas.fr/lefrancais/reserver/F601160/D1756638900/VF/1242/"
"lefrancais","08","Salle 8","606490","Y a pas de réseau","2025-08-31","15h30","VF","","1242","1756647000","https://achat.cgrcinemas.fr/lefrancais/reserver/F606490/D1756647000/VF/1242/"
"lefrancais","08","Salle 8","601872","Pris au piège - Caught Stealing","2025-08-31","17h30","VO","","1242","1756654200","https://achat.cgrcinemas.fr/lefrancais/reserver/F601872/D1756654200/VO/1242/"
"lefrancais","08","Salle 8","566486","Karate Kid: Legends","2025-08-31","19h50","VF","","1242","1756662600","https://achat.cgrcinemas.fr/lefrancais/reserver/F566486/D1756662600/VF/1242/"
"lefrancais","08","Salle 8","602146","Dracula","2025-08-31","22h10","VF","","1242","1756671000","https://achat.cgrcinemas.fr/lefrancais/reserver/F602146/D1756671000/VF/1242/"
"lefrancais","08","Salle 8","257789","Lilo & Stitch","2025-09-01","10h40","VF","","1242","1756716000","https://achat.cgrcinemas.fr/lefrancais/reserver/F257789/D1756716000/VF/1242/"
"lefrancais","08","Salle 8","606490","Y a pas de réseau","2025-09-01","13h20","VF","","1242","1756725600","https://achat.cgrcinemas.fr/lefrancais/reserver/F606490/D1756725600/VF/1242/"
"lefrancais","08","Salle 8","606490","Y a pas de réseau","2025-09-01","15h20","VF","","1242","1756732800","https://achat.cgrcinemas.fr/lefrancais/reserver/F606490/D1756732800/VF/1242/"
"lefrancais","08","Salle 8","601872","Pris au piège - Caught Stealing","2025-09-01","17h30","VF","","1242","1756740600","https://achat.cgrcinemas.fr/lefrancais/reserver/F601872/D1756740600/VF/1242/"
"lefrancais","08","Salle 8","566486","Karate Kid: Legends","2025-09-01","19h50","VF","","1242","1756749000","https://achat.cgrcinemas.fr/lefrancais/reserver/F566486/D1756749000/VF/1242/"
"lefrancais","08","Salle 8","602146","Dracula","2025-09-01","22h10","VF","","1242","1756757400","https://achat.cgrcinemas.fr/lefrancais/reserver/F602146/D1756757400/VF/1242/"
"lefrancais","08","Salle 8","257789","Lilo & Stitch","2025-09-02","10h40","VF","","1242","1756802400","https://achat.cgrcinemas.fr/lefrancais/reserver/F257789/D1756802400/VF/1242/"
"lefrancais","08","Salle 8","606490","Y a pas de réseau","2025-09-02","13h20","VF","","1242","1756812000","https://achat.cgrcinemas.fr/lefrancais/reserver/F606490/D1756812000/VF/1242/"
"lefrancais","08","Salle 8","606490","Y a pas de réseau","2025-09-02","15h20","VF","","1242","1756819200","https://achat.cgrcinemas.fr/lefrancais/reserver/F606490/D1756819200/VF/1242/"
"lefrancais","08","Salle 8","601872","Pris au piège - Caught Stealing","2025-09-02","17h30","VF","","1242","1756827000","https://achat.cgrcinemas.fr/lefrancais/reserver/F601872/D1756827000/VF/1242/"
"lefrancais","08","Salle 8","566486","Karate Kid: Legends","2025-09-02","19h50","VF","","1242","1756835400","https://achat.cgrcinemas.fr/lefrancais/reserver/F566486/D1756835400/VF/1242/"
"lefrancais","08","Salle 8","602146","Dracula","2025-09-02","22h10","VF","","1242","1756843800","https://achat.cgrcinemas.fr/lefrancais/reserver/F602146/D1756843800/VF/1242/"
"lefrancais","09","Salle 9","596694","Jurassic World : Renaissance","2025-08-28","16h30","VF","3D","1243","1756391400","https://achat.cgrcinemas.fr/lefrancais/reserver/F596694/D1756391400/VF/1243/"
"lefrancais","09","Salle 9","32877","Pretty Woman","2025-08-28","19h45","VF","","1243","1756403100","https://achat.cgrcinemas.fr/lefrancais/reserver/F32877/D1756403100/VF/1243/"
"lefrancais","09","Salle 9","586332","Freaky Friday 2 : Encore dans la peau de ma mère","2025-08-28","22h10","VF","","1243","1756411800","https://achat.cgrcinemas.fr/lefrancais/reserver/F586332/D1756411800/VF/1243/"
"lefrancais","09","Salle 9","566486","Karate Kid: Legends","2025-08-29","10h45","VF","","1243","1756457100","https://achat.cgrcinemas.fr/lefrancais/reserver/F566486/D1756457100/VF/1243/"
"lefrancais","09","Salle 9","554372","F1® LE FILM","2025-08-29","13h15","VF","","1243","1756466100","https://achat.cgrcinemas.fr/lefrancais/reserver/F554372/D1756466100/VF/1243/"
"lefrancais","09","Salle 9","602146","Dracula","2025-08-29","16h40","VF","","1243","1756478400","https://achat.cgrcinemas.fr/lefrancais/reserver/F602146/D1756478400/VF/1243/"
"lefrancais","09","Salle 9","57181","Les 4 Fantastiques : Premiers pas","2025-08-29","19h50","VF","","1243","1756489800","https://achat.cgrcinemas.fr/lefrancais/reserver/F57181/D1756489800/VF/1243/"
"lefrancais","09","Salle 9","596694","Jurassic World : Renaissance","2025-08-29","22h15","VF","3D","1243","1756498500","https://achat.cgrcinemas.fr/lefrancais/reserver/F596694/D1756498500/VF/1243/"
"lefrancais","09","Salle 9","566486","Karate Kid: Legends","2025-08-30","10h45","VF","","1243","1756543500","https://achat.cgrcinemas.fr/lefrancais/reserver/F566486/D1756543500/VF/1243/"
"lefrancais","09","Salle 9","554372","F1® LE FILM","2025-08-30","13h15","VF","","1243","1756552500","https://achat.cgrcinemas.fr/lefrancais/reserver/F554372/D1756552500/VF/1243/"
"lefrancais","09","Salle 9","602146","Dracula","2025-08-30","16h40","VF","","1243","1756564800","https://achat.cgrcinemas.fr/lefrancais/reserver/F602146/D1756564800/VF/1243/"
"lefrancais","09","Salle 9","57181","Les 4 Fantastiques : Premiers pas","2025-08-30","19h40","VF","","1243","1756575600","https://achat.cgrcinemas.fr/lefrancais/reserver/F57181/D1756575600/VF/1243/"
"lefrancais","09","Salle 9","586332","Freaky Friday 2 : Encore dans la peau de ma mère","2025-08-30","22h10","VF","","1243","1756584600","https://achat.cgrcinemas.fr/lefrancais/reserver/F586332/D1756584600/VF/1243/"
"lefrancais","09","Salle 9","566486","Karate Kid: Legends","2025-08-31","10h45","VF","","1243","1756629900","https://achat.cgrcinemas.fr/lefrancais/reserver/F566486/D1756629900/VF/1243/"
"lefrancais","09","Salle 9","301987","Kaamelott - Premier volet","2025-08-31","13h30","VF","","1243","1756639800","https://achat.cgrcinemas.fr/lefrancais/reserver/F301987/D1756639800/VF/1243/"
"lefrancais","09","Salle 9","602146","Dracula","2025-08-31","16h40","VF","","1243","1756651200","https://achat.cgrcinemas.fr/lefrancais/reserver/F602146/D1756651200/VF/1243/"
"lefrancais","09","Salle 9","57181","Les 4 Fantastiques : Premiers pas","2025-08-31","19h40","VF","","1243","1756662000","https://achat.cgrcinemas.fr/lefrancais/reserver/F57181/D1756662000/VF/1243/"
"lefrancais","09","Salle 9","586332","Freaky Friday 2 : Encore dans la peau de ma mère","2025-08-31","22h10","VF","","1243","1756671000","https://achat.cgrcinemas.fr/lefrancais/reserver/F586332/D1756671000/VF/1243/"
"lefrancais","09","Salle 9","566486","Karate Kid: Legends","2025-09-01","10h45","VF","","1243","1756716300","https://achat.cgrcinemas.fr/lefrancais/reserver/F566486/D1756716300/VF/1243/"
"lefrancais","09","Salle 9","554372","F1® LE FILM","2025-09-01","13h30","VF","","1243","1756726200","https://achat.cgrcinemas.fr/lefrancais/reserver/F554372/D1756726200/VF/1243/"
"lefrancais","09","Salle 9","602146","Dracula","2025-09-01","16h40","VF","","1243","1756737600","https://achat.cgrcinemas.fr/lefrancais/reserver/F602146/D1756737600/VF/1243/"
"lefrancais","09","Salle 9","57181","Les 4 Fantastiques : Premiers pas","2025-09-01","19h50","VF","","1243","1756749000","https://achat.cgrcinemas.fr/lefrancais/reserver/F57181/D1756749000/VF/1243/"
"lefrancais","09","Salle 9","367522","Y a-t-il un flic pour sauver le monde ?","2025-09-01","22h30","VF","","1243","1756758600","https://achat.cgrcinemas.fr/lefrancais/reserver/F367522/D1756758600/VF/1243/"
"lefrancais","09","Salle 9","566486","Karate Kid: Legends","2025-09-02","10h45","VF","","1243","1756802700","https://achat.cgrcinemas.fr/lefrancais/reserver/F566486/D1756802700/VF/1243/"
"lefrancais","09","Salle 9","322713","Superman","2025-09-02","13h30","VF","","1243","1756812600","https://achat.cgrcinemas.fr/lefrancais/reserver/F322713/D1756812600/VF/1243/"
"lefrancais","09","Salle 9","596694","Jurassic World : Renaissance","2025-09-02","16h30","VF","","1243","1756823400","https://achat.cgrcinemas.fr/lefrancais/reserver/F596694/D1756823400/VF/1243/"
"lefrancais","09","Salle 9","602146","Dracula","2025-09-02","19h30","VF","","1243","1756834200","https://achat.cgrcinemas.fr/lefrancais/reserver/F602146/D1756834200/VF/1243/"
"lefrancais","09","Salle 9","367522","Y a-t-il un flic pour sauver le monde ?","2025-09-02","22h30","VF","","1243","1756845000","https://achat.cgrcinemas.fr/lefrancais/reserver/F367522/D1756845000/VF/1243/"
"lefrancais","10","Salle 10","601160","Les Bad Guys 2","2025-08-28","15h15","VF","","1244","1756386900","https://achat.cgrcinemas.fr/lefrancais/reserver/F601160/D1756386900/VF/1244/"
"lefrancais","10","Salle 10","603260","The Ritual - L'Exorcisme d'Emma Schmidt","2025-08-28","17h30","VF","","1244","1756395000","https://achat.cgrcinemas.fr/lefrancais/reserver/F603260/D1756395000/VF/1244/"
"lefrancais","10","Salle 10","322713","Superman","2025-08-28","19h40","VF","","1244","1756402800","https://achat.cgrcinemas.fr/lefrancais/reserver/F322713/D1756402800/VF/1244/"
"lefrancais","10","Salle 10","603260","The Ritual - L'Exorcisme d'Emma Schmidt","2025-08-28","22h20","VF","","1244","1756412400","https://achat.cgrcinemas.fr/lefrancais/reserver/F603260/D1756412400/VF/1244/"
"lefrancais","10","Salle 10","601160","Les Bad Guys 2","2025-08-29","10h45","VF","","1244","1756457100","https://achat.cgrcinemas.fr/lefrancais/reserver/F601160/D1756457100/VF/1244/"
"lefrancais","10","Salle 10","602934","Les Orphelins","2025-08-29","13h10","VF","","1244","1756465800","https://achat.cgrcinemas.fr/lefrancais/reserver/F602934/D1756465800/VF/1244/"
"lefrancais","10","Salle 10","601160","Les Bad Guys 2","2025-08-29","15h15","VF","","1244","1756473300","https://achat.cgrcinemas.fr/lefrancais/reserver/F601160/D1756473300/VF/1244/"
"lefrancais","10","Salle 10","603260","The Ritual - L'Exorcisme d'Emma Schmidt","2025-08-29","17h30","VF","","1244","1756481400","https://achat.cgrcinemas.fr/lefrancais/reserver/F603260/D1756481400/VF/1244/"
"lefrancais","10","Salle 10","322713","Superman","2025-08-29","19h40","VF","","1244","1756489200","https://achat.cgrcinemas.fr/lefrancais/reserver/F322713/D1756489200/VF/1244/"
"lefrancais","10","Salle 10","603260","The Ritual - L'Exorcisme d'Emma Schmidt","2025-08-29","22h20","VF","","1244","1756498800","https://achat.cgrcinemas.fr/lefrancais/reserver/F603260/D1756498800/VF/1244/"
"lefrancais","10","Salle 10","602934","Les Orphelins","2025-08-30","10h50","VF","","1244","1756543800","https://achat.cgrcinemas.fr/lefrancais/reserver/F602934/D1756543800/VF/1244/"
"lefrancais","10","Salle 10","602934","Les Orphelins","2025-08-30","13h10","VF","","1244","1756552200","https://achat.cgrcinemas.fr/lefrancais/reserver/F602934/D1756552200/VF/1244/"
"lefrancais","10","Salle 10","601160","Les Bad Guys 2","2025-08-30","15h15","VF","","1244","1756559700","https://achat.cgrcinemas.fr/lefrancais/reserver/F601160/D1756559700/VF/1244/"
"lefrancais","10","Salle 10","603260","The Ritual - L'Exorcisme d'Emma Schmidt","2025-08-30","17h30","VF","","1244","1756567800","https://achat.cgrcinemas.fr/lefrancais/reserver/F603260/D1756567800/VF/1244/"
"lefrancais","10","Salle 10","322713","Superman","2025-08-30","19h40","VF","","1244","1756575600","https://achat.cgrcinemas.fr/lefrancais/reserver/F322713/D1756575600/VF/1244/"
"lefrancais","10","Salle 10","603260","The Ritual - L'Exorcisme d'Emma Schmidt","2025-08-30","22h20","VF","","1244","1756585200","https://achat.cgrcinemas.fr/lefrancais/reserver/F603260/D1756585200/VF/1244/"
"lefrancais","10","Salle 10","602934","Les Orphelins","2025-08-31","10h50","VF","","1244","1756630200","https://achat.cgrcinemas.fr/lefrancais/reserver/F602934/D1756630200/VF/1244/"
"lefrancais","10","Salle 10","602934","Les Orphelins","2025-08-31","13h10","VF","","1244","1756638600","https://achat.cgrcinemas.fr/lefrancais/reserver/F602934/D1756638600/VF/1244/"
"lefrancais","10","Salle 10","367522","Y a-t-il un flic pour sauver le monde ?","2025-08-31","15h15","VF","","1244","1756646100","https://achat.cgrcinemas.fr/lefrancais/reserver/F367522/D1756646100/VF/1244/"
"lefrancais","10","Salle 10","603260","The Ritual - L'Exorcisme d'Emma Schmidt","2025-08-31","17h15","VF","","1244","1756653300","https://achat.cgrcinemas.fr/lefrancais/reserver/F603260/D1756653300/VF/1244/"
"lefrancais","10","Salle 10","606490","Y a pas de réseau","2025-08-31","19h20","VF","","1244","1756660800","https://achat.cgrcinemas.fr/lefrancais/reserver/F606490/D1756660800/VF/1244/"
"lefrancais","10","Salle 10","322713","Superman","2025-08-31","21h15","VF","","1244","1756667700","https://achat.cgrcinemas.fr/lefrancais/reserver/F322713/D1756667700/VF/1244/"
"lefrancais","10","Salle 10","574012","Dragons","2025-09-01","10h30","VF","","1244","1756715400","https://achat.cgrcinemas.fr/lefrancais/reserver/F574012/D1756715400/VF/1244/"
"lefrancais","10","Salle 10","602934","Les Orphelins","2025-09-01","13h10","VF","","1244","1756725000","https://achat.cgrcinemas.fr/lefrancais/reserver/F602934/D1756725000/VF/1244/"
"lefrancais","10","Salle 10","602934","Les Orphelins","2025-09-01","15h20","VF","","1244","1756732800","https://achat.cgrcinemas.fr/lefrancais/reserver/F602934/D1756732800/VF/1244/"
"lefrancais","10","Salle 10","601160","Les Bad Guys 2","2025-09-01","17h30","VF","","1244","1756740600","https://achat.cgrcinemas.fr/lefrancais/reserver/F601160/D1756740600/VF/1244/"
"lefrancais","10","Salle 10","322713","Superman","2025-09-01","19h40","VF","","1244","1756748400","https://achat.cgrcinemas.fr/lefrancais/reserver/F322713/D1756748400/VF/1244/"
"lefrancais","10","Salle 10","603260","The Ritual - L'Exorcisme d'Emma Schmidt","2025-09-01","22h20","VF","","1244","1756758000","https://achat.cgrcinemas.fr/lefrancais/reserver/F603260/D1756758000/VF/1244/"
"lefrancais","10","Salle 10","574012","Dragons","2025-09-02","10h30","VF","","1244","1756801800","https://achat.cgrcinemas.fr/lefrancais/reserver/F574012/D1756801800/VF/1244/"
"lefrancais","10","Salle 10","602934","Les Orphelins","2025-09-02","13h10","VF","","1244","1756811400","https://achat.cgrcinemas.fr/lefrancais/reserver/F602934/D1756811400/VF/1244/"
"lefrancais","10","Salle 10","602934","Les Orphelins","2025-09-02","15h20","VF","","1244","1756819200","https://achat.cgrcinemas.fr/lefrancais/reserver/F602934/D1756819200/VF/1244/"
"lefrancais","10","Salle 10","601160","Les Bad Guys 2","2025-09-02","17h30","VF","","1244","1756827000","https://achat.cgrcinemas.fr/lefrancais/reserver/F601160/D1756827000/VF/1244/"
"lefrancais","10","Salle 10","322713","Superman","2025-09-02","19h40","VF","","1244","1756834800","https://achat.cgrcinemas.fr/lefrancais/reserver/F322713/D1756834800/VF/1244/"
"lefrancais","10","Salle 10","603260","The Ritual - L'Exorcisme d'Emma Schmidt","2025-09-02","22h20","VF","","1244","1756844400","https://achat.cgrcinemas.fr/lefrancais/reserver/F603260/D1756844400/VF/1244/"
"lefrancais","11","Salle 11","566486","Karate Kid: Legends","2025-08-28","15h40","VF","","1245","1756388400","https://achat.cgrcinemas.fr/lefrancais/reserver/F566486/D1756388400/VF/1245/"
"lefrancais","11","Salle 11","602934","Les Orphelins","2025-08-28","18h00","VF","","1245","1756396800","https://achat.cgrcinemas.fr/lefrancais/reserver/F602934/D1756396800/VF/1245/"
"lefrancais","11","Salle 11","602934","Les Orphelins","2025-08-28","20h10","VF","","1245","1756404600","https://achat.cgrcinemas.fr/lefrancais/reserver/F602934/D1756404600/VF/1245/"
"lefrancais","11","Salle 11","322713","Superman","2025-08-28","22h15","VF","","1245","1756412100","https://achat.cgrcinemas.fr/lefrancais/reserver/F322713/D1756412100/VF/1245/"
"lefrancais","11","Salle 11","602934","Les Orphelins","2025-08-29","10h50","VF","","1245","1756457400","https://achat.cgrcinemas.fr/lefrancais/reserver/F602934/D1756457400/VF/1245/"
"lefrancais","11","Salle 11","566486","Karate Kid: Legends","2025-08-29","13h30","VF","","1245","1756467000","https://achat.cgrcinemas.fr/lefrancais/reserver/F566486/D1756467000/VF/1245/"
"lefrancais","11","Salle 11","566486","Karate Kid: Legends","2025-08-29","15h40","VF","","1245","1756474800","https://achat.cgrcinemas.fr/lefrancais/reserver/F566486/D1756474800/VF/1245/"
"lefrancais","11","Salle 11","602934","Les Orphelins","2025-08-29","18h00","VF","","1245","1756483200","https://achat.cgrcinemas.fr/lefrancais/reserver/F602934/D1756483200/VF/1245/"
"lefrancais","11","Salle 11","602934","Les Orphelins","2025-08-29","20h10","VF","","1245","1756491000","https://achat.cgrcinemas.fr/lefrancais/reserver/F602934/D1756491000/VF/1245/"
"lefrancais","11","Salle 11","322713","Superman","2025-08-29","22h15","VF","","1245","1756498500","https://achat.cgrcinemas.fr/lefrancais/reserver/F322713/D1756498500/VF/1245/"
"lefrancais","11","Salle 11","596694","Jurassic World : Renaissance","2025-08-30","10h30","VF","","1245","1756542600","https://achat.cgrcinemas.fr/lefrancais/reserver/F596694/D1756542600/VF/1245/"
"lefrancais","11","Salle 11","566486","Karate Kid: Legends","2025-08-30","13h30","VF","","1245","1756553400","https://achat.cgrcinemas.fr/lefrancais/reserver/F566486/D1756553400/VF/1245/"
"lefrancais","11","Salle 11","566486","Karate Kid: Legends","2025-08-30","15h40","VF","","1245","1756561200","https://achat.cgrcinemas.fr/lefrancais/reserver/F566486/D1756561200/VF/1245/"
"lefrancais","11","Salle 11","602934","Les Orphelins","2025-08-30","18h00","VF","","1245","1756569600","https://achat.cgrcinemas.fr/lefrancais/reserver/F602934/D1756569600/VF/1245/"
"lefrancais","11","Salle 11","602934","Les Orphelins","2025-08-30","20h10","VF","","1245","1756577400","https://achat.cgrcinemas.fr/lefrancais/reserver/F602934/D1756577400/VF/1245/"
"lefrancais","11","Salle 11","322713","Superman","2025-08-30","22h15","VF","","1245","1756584900","https://achat.cgrcinemas.fr/lefrancais/reserver/F322713/D1756584900/VF/1245/"
"lefrancais","11","Salle 11","367522","Y a-t-il un flic pour sauver le monde ?","2025-08-31","11h00","VF","","1245","1756630800","https://achat.cgrcinemas.fr/lefrancais/reserver/F367522/D1756630800/VF/1245/"
"lefrancais","11","Salle 11","566486","Karate Kid: Legends","2025-08-31","13h30","VF","","1245","1756639800","https://achat.cgrcinemas.fr/lefrancais/reserver/F566486/D1756639800/VF/1245/"
"lefrancais","11","Salle 11","566486","Karate Kid: Legends","2025-08-31","15h40","VF","","1245","1756647600","https://achat.cgrcinemas.fr/lefrancais/reserver/F566486/D1756647600/VF/1245/"
"lefrancais","11","Salle 11","602934","Les Orphelins","2025-08-31","18h00","VF","","1245","1756656000","https://achat.cgrcinemas.fr/lefrancais/reserver/F602934/D1756656000/VF/1245/"
"lefrancais","11","Salle 11","602934","Les Orphelins","2025-08-31","20h10","VF","","1245","1756663800","https://achat.cgrcinemas.fr/lefrancais/reserver/F602934/D1756663800/VF/1245/"
"lefrancais","11","Salle 11","603260","The Ritual - L'Exorcisme d'Emma Schmidt","2025-08-31","22h20","VF","","1245","1756671600","https://achat.cgrcinemas.fr/lefrancais/reserver/F603260/D1756671600/VF/1245/"
"lefrancais","11","Salle 11","602934","Les Orphelins","2025-09-01","10h50","VF","","1245","1756716600","https://achat.cgrcinemas.fr/lefrancais/reserver/F602934/D1756716600/VF/1245/"
"lefrancais","11","Salle 11","566486","Karate Kid: Legends","2025-09-01","13h30","VF","","1245","1756726200","https://achat.cgrcinemas.fr/lefrancais/reserver/F566486/D1756726200/VF/1245/"
"lefrancais","11","Salle 11","566486","Karate Kid: Legends","2025-09-01","15h40","VF","","1245","1756734000","https://achat.cgrcinemas.fr/lefrancais/reserver/F566486/D1756734000/VF/1245/"
"lefrancais","11","Salle 11","597614","Together","2025-09-01","17h50","VF","","1245","1756741800","https://achat.cgrcinemas.fr/lefrancais/reserver/F597614/D1756741800/VF/1245/"
"lefrancais","11","Salle 11","602934","Les Orphelins","2025-09-01","20h10","VF","","1245","1756750200","https://achat.cgrcinemas.fr/lefrancais/reserver/F602934/D1756750200/VF/1245/"
"lefrancais","11","Salle 11","322713","Superman","2025-09-01","22h15","VF","","1245","1756757700","https://achat.cgrcinemas.fr/lefrancais/reserver/F322713/D1756757700/VF/1245/"
"lefrancais","11","Salle 11","602934","Les Orphelins","2025-09-02","10h50","VF","","1245","1756803000","https://achat.cgrcinemas.fr/lefrancais/reserver/F602934/D1756803000/VF/1245/"
"lefrancais","11","Salle 11","566486","Karate Kid: Legends","2025-09-02","13h30","VF","","1245","1756812600","https://achat.cgrcinemas.fr/lefrancais/reserver/F566486/D1756812600/VF/1245/"
"lefrancais","11","Salle 11","566486","Karate Kid: Legends","2025-09-02","15h40","VF","","1245","1756820400","https://achat.cgrcinemas.fr/lefrancais/reserver/F566486/D1756820400/VF/1245/"
"lefrancais","11","Salle 11","597614","Together","2025-09-02","17h50","VF","","1245","1756828200","https://achat.cgrcinemas.fr/lefrancais/reserver/F597614/D1756828200/VF/1245/"
"lefrancais","11","Salle 11","602934","Les Orphelins","2025-09-02","20h10","VF","","1245","1756836600","https://achat.cgrcinemas.fr/lefrancais/reserver/F602934/D1756836600/VF/1245/"
"lefrancais","11","Salle 11","322713","Superman","2025-09-02","22h15","VF","","1245","1756844100","https://achat.cgrcinemas.fr/lefrancais/reserver/F322713/D1756844100/VF/1245/"
"lefrancais","12","Salle 12","601628","La Guerre des Rose","2025-08-28","15h30","VF","","1237","1756387800","https://achat.cgrcinemas.fr/lefrancais/reserver/F601628/D1756387800/VF/1237/"
"lefrancais","12","Salle 12","601628","La Guerre des Rose","2025-08-28","17h50","VF","","1237","1756396200","https://achat.cgrcinemas.fr/lefrancais/reserver/F601628/D1756396200/VF/1237/"
"lefrancais","12","Salle 12","601628","La Guerre des Rose","2025-08-28","20h10","VF","","1237","1756404600","https://achat.cgrcinemas.fr/lefrancais/reserver/F601628/D1756404600/VF/1237/"
"lefrancais","12","Salle 12","376950","Nobody 2","2025-08-28","22h30","VF","","1237","1756413000","https://achat.cgrcinemas.fr/lefrancais/reserver/F376950/D1756413000/VF/1237/"
"lefrancais","12","Salle 12","367522","Y a-t-il un flic pour sauver le monde ?","2025-08-29","11h00","VF","","1237","1756458000","https://achat.cgrcinemas.fr/lefrancais/reserver/F367522/D1756458000/VF/1237/"
"lefrancais","12","Salle 12","601628","La Guerre des Rose","2025-08-29","13h15","VF","","1237","1756466100","https://achat.cgrcinemas.fr/lefrancais/reserver/F601628/D1756466100/VF/1237/"
"lefrancais","12","Salle 12","601628","La Guerre des Rose","2025-08-29","15h30","VF","","1237","1756474200","https://achat.cgrcinemas.fr/lefrancais/reserver/F601628/D1756474200/VF/1237/"
"lefrancais","12","Salle 12","601628","La Guerre des Rose","2025-08-29","17h50","VF","","1237","1756482600","https://achat.cgrcinemas.fr/lefrancais/reserver/F601628/D1756482600/VF/1237/"
"lefrancais","12","Salle 12","601628","La Guerre des Rose","2025-08-29","20h10","VF","","1237","1756491000","https://achat.cgrcinemas.fr/lefrancais/reserver/F601628/D1756491000/VF/1237/"
"lefrancais","12","Salle 12","376950","Nobody 2","2025-08-29","22h30","VF","","1237","1756499400","https://achat.cgrcinemas.fr/lefrancais/reserver/F376950/D1756499400/VF/1237/"
"lefrancais","12","Salle 12","606490","Y a pas de réseau","2025-08-30","11h00","VF","","1237","1756544400","https://achat.cgrcinemas.fr/lefrancais/reserver/F606490/D1756544400/VF/1237/"
"lefrancais","12","Salle 12","601628","La Guerre des Rose","2025-08-30","13h15","VF","","1237","1756552500","https://achat.cgrcinemas.fr/lefrancais/reserver/F601628/D1756552500/VF/1237/"
"lefrancais","12","Salle 12","601628","La Guerre des Rose","2025-08-30","15h30","VF","","1237","1756560600","https://achat.cgrcinemas.fr/lefrancais/reserver/F601628/D1756560600/VF/1237/"
"lefrancais","12","Salle 12","601628","La Guerre des Rose","2025-08-30","17h50","VF","","1237","1756569000","https://achat.cgrcinemas.fr/lefrancais/reserver/F601628/D1756569000/VF/1237/"
"lefrancais","12","Salle 12","601628","La Guerre des Rose","2025-08-30","20h10","VF","","1237","1756577400","https://achat.cgrcinemas.fr/lefrancais/reserver/F601628/D1756577400/VF/1237/"
"lefrancais","12","Salle 12","376950","Nobody 2","2025-08-30","22h30","VF","","1237","1756585800","https://achat.cgrcinemas.fr/lefrancais/reserver/F376950/D1756585800/VF/1237/"
"lefrancais","12","Salle 12","606490","Y a pas de réseau","2025-08-31","11h00","VF","","1237","1756630800","https://achat.cgrcinemas.fr/lefrancais/reserver/F606490/D1756630800/VF/1237/"
"lefrancais","12","Salle 12","601628","La Guerre des Rose","2025-08-31","13h15","VF","","1237","1756638900","https://achat.cgrcinemas.fr/lefrancais/reserver/F601628/D1756638900/VF/1237/"
"lefrancais","12","Salle 12","601628","La Guerre des Rose","2025-08-31","15h30","VF","","1237","1756647000","https://achat.cgrcinemas.fr/lefrancais/reserver/F601628/D1756647000/VF/1237/"
"lefrancais","12","Salle 12","601628","La Guerre des Rose","2025-08-31","17h50","VF","","1237","1756655400","https://achat.cgrcinemas.fr/lefrancais/reserver/F601628/D1756655400/VF/1237/"
"lefrancais","12","Salle 12","601628","La Guerre des Rose","2025-08-31","20h10","VO","","1237","1756663800","https://achat.cgrcinemas.fr/lefrancais/reserver/F601628/D1756663800/VO/1237/"
"lefrancais","12","Salle 12","376950","Nobody 2","2025-08-31","22h30","VF","","1237","1756672200","https://achat.cgrcinemas.fr/lefrancais/reserver/F376950/D1756672200/VF/1237/"
"lefrancais","12","Salle 12","367522","Y a-t-il un flic pour sauver le monde ?","2025-09-01","11h00","VF","","1237","1756717200","https://achat.cgrcinemas.fr/lefrancais/reserver/F367522/D1756717200/VF/1237/"
"lefrancais","12","Salle 12","601628","La Guerre des Rose","2025-09-01","13h15","VF","","1237","1756725300","https://achat.cgrcinemas.fr/lefrancais/reserver/F601628/D1756725300/VF/1237/"
"lefrancais","12","Salle 12","601628","La Guerre des Rose","2025-09-01","15h30","VF","","1237","1756733400","https://achat.cgrcinemas.fr/lefrancais/reserver/F601628/D1756733400/VF/1237/"
"lefrancais","12","Salle 12","601628","La Guerre des Rose","2025-09-01","17h50","VO","","1237","1756741800","https://achat.cgrcinemas.fr/lefrancais/reserver/F601628/D1756741800/VO/1237/"
"lefrancais","12","Salle 12","601628","La Guerre des Rose","2025-09-01","20h10","VF","","1237","1756750200","https://achat.cgrcinemas.fr/lefrancais/reserver/F601628/D1756750200/VF/1237/"
"lefrancais","12","Salle 12","376950","Nobody 2","2025-09-01","22h30","VF","","1237","1756758600","https://achat.cgrcinemas.fr/lefrancais/reserver/F376950/D1756758600/VF/1237/"
"lefrancais","12","Salle 12","367522","Y a-t-il un flic pour sauver le monde ?","2025-09-02","11h00","VF","","1237","1756803600","https://achat.cgrcinemas.fr/lefrancais/reserver/F367522/D1756803600/VF/1237/"
"lefrancais","12","Salle 12","601628","La Guerre des Rose","2025-09-02","13h15","VF","","1237","1756811700","https://achat.cgrcinemas.fr/lefrancais/reserver/F601628/D1756811700/VF/1237/"
"lefrancais","12","Salle 12","601628","La Guerre des Rose","2025-09-02","15h30","VF","","1237","1756819800","https://achat.cgrcinemas.fr/lefrancais/reserver/F601628/D1756819800/VF/1237/"
"lefrancais","12","Salle 12","601628","La Guerre des Rose","2025-09-02","17h50","VF","","1237","1756828200","https://achat.cgrcinemas.fr/lefrancais/reserver/F601628/D1756828200/VF/1237/"
"lefrancais","12","Salle 12","601628","La Guerre des Rose","2025-09-02","20h10","VF","","1237","1756836600","https://achat.cgrcinemas.fr/lefrancais/reserver/F601628/D1756836600/VF/1237/"
"lefrancais","12","Salle 12","376950","Nobody 2","2025-09-02","22h30","VF","","1237","1756845000","https://achat.cgrcinemas.fr/lefrancais/reserver/F376950/D1756845000/VF/1237/"
"lefrancais","ICE","Salle ICE","554372","F1® LE FILM","2025-08-28","16h15","VF","4K ICE","1653570","1756390500","https://achat.cgrcinemas.fr/lefrancais/reserver/F554372/D1756390500/VF/1653570/"
"lefrancais","ICE","Salle ICE","57181","Les 4 Fantastiques : Premiers pas","2025-08-28","19h30","VF","4K ICE","1653570","1756402200","https://achat.cgrcinemas.fr/lefrancais/reserver/F57181/D1756402200/VF/1653570/"
"lefrancais","ICE","Salle ICE","596694","Jurassic World : Renaissance","2025-08-28","22h15","VF","4K ICE","1653570","1756412100","https://achat.cgrcinemas.fr/lefrancais/reserver/F596694/D1756412100/VF/1653570/"
"lefrancais","ICE","Salle ICE","574012","Dragons","2025-08-29","10h40","VF","4K ICE","1653570","1756456800","https://achat.cgrcinemas.fr/lefrancais/reserver/F574012/D1756456800/VF/1653570/"
"lefrancais","ICE","Salle ICE","601160","Les Bad Guys 2","2025-08-29","13h30","VF","3D ICE","1653570","1756467000","https://achat.cgrcinemas.fr/lefrancais/reserver/F601160/D1756467000/VF/1653570/"
"lefrancais","ICE","Salle ICE","596694","Jurassic World : Renaissance","2025-08-29","16h15","VF","4K ICE","1653570","1756476900","https://achat.cgrcinemas.fr/lefrancais/reserver/F596694/D1756476900/VF/1653570/"
"lefrancais","ICE","Salle ICE","554372","F1® LE FILM","2025-08-29","19h15","VF","4K ICE","1653570","1756487700","https://achat.cgrcinemas.fr/lefrancais/reserver/F554372/D1756487700/VF/1653570/"
"lefrancais","ICE","Salle ICE","57181","Les 4 Fantastiques : Premiers pas","2025-08-29","22h20","VF","4K ICE","1653570","1756498800","https://achat.cgrcinemas.fr/lefrancais/reserver/F57181/D1756498800/VF/1653570/"
"lefrancais","ICE","Salle ICE","601160","Les Bad Guys 2","2025-08-30","10h45","VF","ICE","1653570","1756543500","https://achat.cgrcinemas.fr/lefrancais/reserver/F601160/D1756543500/VF/1653570/"
"lefrancais","ICE","Salle ICE","257789","Lilo & Stitch","2025-08-30","13h15","VF","ICE","1653570","1756552500","https://achat.cgrcinemas.fr/lefrancais/reserver/F257789/D1756552500/VF/1653570/"
"lefrancais","ICE","Salle ICE","57181","Les 4 Fantastiques : Premiers pas","2025-08-30","15h40","VF","4K ICE","1653570","1756561200","https://achat.cgrcinemas.fr/lefrancais/reserver/F57181/D1756561200/VF/1653570/"
"lefrancais","ICE","Salle ICE","554372","F1® LE FILM","2025-08-30","18h15","VF","4K ICE","1653570","1756570500","https://achat.cgrcinemas.fr/lefrancais/reserver/F554372/D1756570500/VF/1653570/"
"lefrancais","ICE","Salle ICE","596694","Jurassic World : Renaissance","2025-08-30","21h30","VF","4K ICE","1653570","1756582200","https://achat.cgrcinemas.fr/lefrancais/reserver/F596694/D1756582200/VF/1653570/"
"lefrancais","ICE","Salle ICE","257789","Lilo & Stitch","2025-08-31","10h40","VF","ICE","1653570","1756629600","https://achat.cgrcinemas.fr/lefrancais/reserver/F257789/D1756629600/VF/1653570/"
"lefrancais","ICE","Salle ICE","574012","Dragons","2025-08-31","13h20","VF","4K ICE","1653570","1756639200","https://achat.cgrcinemas.fr/lefrancais/reserver/F574012/D1756639200/VF/1653570/"
"lefrancais","ICE","Salle ICE","601160","Les Bad Guys 2","2025-08-31","16h00","VF","ICE","1653570","1756648800","https://achat.cgrcinemas.fr/lefrancais/reserver/F601160/D1756648800/VF/1653570/"
"lefrancais","ICE","Salle ICE","57181","Les 4 Fantastiques : Premiers pas","2025-08-31","18h30","VF","4K ICE","1653570","1756657800","https://achat.cgrcinemas.fr/lefrancais/reserver/F57181/D1756657800/VF/1653570/"
"lefrancais","ICE","Salle ICE","554372","F1® LE FILM","2025-08-31","21h15","VF","4K ICE","1653570","1756667700","https://achat.cgrcinemas.fr/lefrancais/reserver/F554372/D1756667700/VF/1653570/"
"lefrancais","ICE","Salle ICE","601160","Les Bad Guys 2","2025-09-01","10h45","VF","3D ICE","1653570","1756716300","https://achat.cgrcinemas.fr/lefrancais/reserver/F601160/D1756716300/VF/1653570/"
"lefrancais","ICE","Salle ICE","322713","Superman","2025-09-01","13h15","VF","4K ICE","1653570","1756725300","https://achat.cgrcinemas.fr/lefrancais/reserver/F322713/D1756725300/VF/1653570/"
"lefrancais","ICE","Salle ICE","596694","Jurassic World : Renaissance","2025-09-01","16h15","VF","4K ICE","1653570","1756736100","https://achat.cgrcinemas.fr/lefrancais/reserver/F596694/D1756736100/VF/1653570/"
"lefrancais","ICE","Salle ICE","554372","F1® LE FILM","2025-09-01","19h15","VF","4K ICE","1653570","1756746900","https://achat.cgrcinemas.fr/lefrancais/reserver/F554372/D1756746900/VF/1653570/"
"lefrancais","ICE","Salle ICE","57181","Les 4 Fantastiques : Premiers pas","2025-09-01","22h20","VF","4K ICE","1653570","1756758000","https://achat.cgrcinemas.fr/lefrancais/reserver/F57181/D1756758000/VF/1653570/"
"lefrancais","ICE","Salle ICE","566118","Elio","2025-09-02","10h45","VF","4K ICE","1653570","1756802700","https://achat.cgrcinemas.fr/lefrancais/reserver/F566118/D1756802700/VF/1653570/"
"lefrancais","ICE","Salle ICE","554372","F1® LE FILM","2025-09-02","13h30","VF","4K ICE","1653570","1756812600","https://achat.cgrcinemas.fr/lefrancais/reserver/F554372/D1756812600/VF/1653570/"
"lefrancais","ICE","Salle ICE","322713","Superman","2025-09-02","16h45","VF","4K ICE","1653570","1756824300","https://achat.cgrcinemas.fr/lefrancais/reserver/F322713/D1756824300/VF/1653570/"
"lefrancais","ICE","Salle ICE","57181","Les 4 Fantastiques : Premiers pas","2025-09-02","19h30","VF","4K ICE","1653570","1756834200","https://achat.cgrcinemas.fr/lefrancais/reserver/F57181/D1756834200/VF/1653570/"
"lefrancais","ICE","Salle ICE","596694","Jurassic World : Renaissance","2025-09-02","22h15","VF","3D 4K ICE","1653570","1756844100","https://achat.cgrcinemas.fr/lefrancais/reserver/F596694/D1756844100/VF/1653570/"
"lefrancais","ICE","Salle ICE","607502","Demon Slayer: Kimetsu no Yaiba La Forteresse Infinie Film 1","2025-09-17","13h45","VO","4K ICE","1653570","1758109500","https://achat.cgrcinemas.fr/lefrancais/reserver/F607502/D1758109500/VO/1653570/"
"lefrancais","ICE","Salle ICE","607502","Demon Slayer: Kimetsu no Yaiba La Forteresse Infinie Film 1","2025-09-17","17h00","VF","4K ICE","1653570","1758121200","https://achat.cgrcinemas.fr/lefrancais/reserver/F607502/D1758121200/VF/1653570/"
"lefrancais","ICE","Salle ICE","607502","Demon Slayer: Kimetsu no Yaiba La Forteresse Infinie Film 1","2025-09-17","20h15","VO","4K ICE","1653570","1758132900","https://achat.cgrcinemas.fr/lefrancais/reserver/F607502/D1758132900/VO/1653570/"
"lefrancais","ICE","Salle ICE","607502","Demon Slayer: Kimetsu no Yaiba La Forteresse Infinie Film 1","2025-09-18","13h45","VF","4K ICE","1653570","1758195900","https://achat.cgrcinemas.fr/lefrancais/reserver/F607502/D1758195900/VF/1653570/"
"lefrancais","ICE","Salle ICE","607502","Demon Slayer: Kimetsu no Yaiba La Forteresse Infinie Film 1","2025-09-18","17h00","VO","4K ICE","1653570","1758207600","https://achat.cgrcinemas.fr/lefrancais/reserver/F607502/D1758207600/VO/1653570/"
"lefrancais","ICE","Salle ICE","607502","Demon Slayer: Kimetsu no Yaiba La Forteresse Infinie Film 1","2025-09-18","20h30","VO","4K ICE","1653570","1758220200","https://achat.cgrcinemas.fr/lefrancais/reserver/F607502/D1758220200/VO/1653570/"
"lefrancais","ICE","Salle ICE","607502","Demon Slayer: Kimetsu no Yaiba La Forteresse Infinie Film 1","2025-09-19","13h30","VO","4K ICE","1653570","1758281400","https://achat.cgrcinemas.fr/lefrancais/reserver/F607502/D1758281400/VO/1653570/"
"lefrancais","ICE","Salle ICE","607502","Demon Slayer: Kimetsu no Yaiba La Forteresse Infinie Film 1","2025-09-19","16h30","VF","4K ICE","1653570","1758292200","https://achat.cgrcinemas.fr/lefrancais/reserver/F607502/D1758292200/VF/1653570/"
"lefrancais","ICE","Salle ICE","607502","Demon Slayer: Kimetsu no Yaiba La Forteresse Infinie Film 1","2025-09-19","19h30","VO","4K ICE","1653570","1758303000","https://achat.cgrcinemas.fr/lefrancais/reserver/F607502/D1758303000/VO/1653570/"
"lefrancais","ICE","Salle ICE","607502","Demon Slayer: Kimetsu no Yaiba La Forteresse Infinie Film 1","2025-09-19","22h30","VF","4K ICE","1653570","1758313800","https://achat.cgrcinemas.fr/lefrancais/reserver/F607502/D1758313800/VF/1653570/"
"lefrancais","ICE","Salle ICE","607502","Demon Slayer: Kimetsu no Yaiba La Forteresse Infinie Film 1","2025-09-20","13h30","VF","4K ICE","1653570","1758367800","https://achat.cgrcinemas.fr/lefrancais/reserver/F607502/D1758367800/VF/1653570/"
"lefrancais","ICE","Salle ICE","607502","Demon Slayer: Kimetsu no Yaiba La Forteresse Infinie Film 1","2025-09-20","16h30","VO","4K ICE","1653570","1758378600","https://achat.cgrcinemas.fr/lefrancais/reserver/F607502/D1758378600/VO/1653570/"
"lefrancais","ICE","Salle ICE","607502","Demon Slayer: Kimetsu no Yaiba La Forteresse Infinie Film 1","2025-09-20","19h30","VO","4K ICE","1653570","1758389400","https://achat.cgrcinemas.fr/lefrancais/reserver/F607502/D1758389400/VO/1653570/"
"lefrancais","ICE","Salle ICE","607502","Demon Slayer: Kimetsu no Yaiba La Forteresse Infinie Film 1","2025-09-20","22h30","VO","4K ICE","1653570","1758400200","https://achat.cgrcinemas.fr/lefrancais/reserver/F607502/D1758400200/VO/1653570/"
"lefrancais","ICE","Salle ICE","607502","Demon Slayer: Kimetsu no Yaiba La Forteresse Infinie Film 1","2025-09-21","13h45","VF","4K ICE","1653570","1758455100","https://achat.cgrcinemas.fr/lefrancais/reserver/F607502/D1758455100/VF/1653570/"
"lefrancais","ICE","Salle ICE","607502","Demon Slayer: Kimetsu no Yaiba La Forteresse Infinie Film 1","2025-09-21","17h00","VO","4K ICE","1653570","1758466800","https://achat.cgrcinemas.fr/lefrancais/reserver/F607502/D1758466800/VO/1653570/"
"lefrancais","ICE","Salle ICE","607502","Demon Slayer: Kimetsu no Yaiba La Forteresse Infinie Film 1","2025-09-21","20h15","VO","4K ICE","1653570","1758478500","https://achat.cgrcinemas.fr/lefrancais/reserver/F607502/D1758478500/VO/1653570/"
"lefrancais","ICE","Salle ICE","607502","Demon Slayer: Kimetsu no Yaiba La Forteresse Infinie Film 1","2025-09-22","13h45","VF","4K ICE","1653570","1758541500","https://achat.cgrcinemas.fr/lefrancais/reserver/F607502/D1758541500/VF/1653570/"
"lefrancais","ICE","Salle ICE","607502","Demon Slayer: Kimetsu no Yaiba La Forteresse Infinie Film 1","2025-09-22","17h00","VF","4K ICE","1653570","1758553200","https://achat.cgrcinemas.fr/lefrancais/reserver/F607502/D1758553200/VF/1653570/"
"lefrancais","ICE","Salle ICE","607502","Demon Slayer: Kimetsu no Yaiba La Forteresse Infinie Film 1","2025-09-22","20h15","VO","4K ICE","1653570","1758564900","https://achat.cgrcinemas.fr/lefrancais/reserver/F607502/D1758564900/VO/1653570/"
"lefrancais","ICE","Salle ICE","607502","Demon Slayer: Kimetsu no Yaiba La Forteresse Infinie Film 1","2025-09-23","13h45","VF","4K ICE","1653570","1758627900","https://achat.cgrcinemas.fr/lefrancais/reserver/F607502/D1758627900/VF/1653570/"
"lefrancais","ICE","Salle ICE","607502","Demon Slayer: Kimetsu no Yaiba La Forteresse Infinie Film 1","2025-09-23","17h00","VO","4K ICE","1653570","1758639600","https://achat.cgrcinemas.fr/lefrancais/reserver/F607502/D1758639600/VO/1653570/"
"lefrancais","ICE","Salle ICE","607502","Demon Slayer: Kimetsu no Yaiba La Forteresse Infinie Film 1","2025-09-23","20h15","VF","4K ICE","1653570","1758651300","https://achat.cgrcinemas.fr/lefrancais/reserver/F607502/D1758651300/VF/1653570/"